수집일자,게임명,영상ID,영상제목,영상설명,게시일,채널ID,채널명,태그,카테고리ID,썸네일URL,defaultLanguage,duration,영상길이(초),영상길이(표시),dimension,definition,caption,licensedContent,privacyStatus,madeForKids,viewCount,likeCount,commentCount,구독자수,채널총조회수,채널업로드영상수,채널개설일,자막유형
2025-06-02,롤,Gsuyg_bEujA,'감코 3명 vs 선수 5명' 참교육 가겠습니다,"[24.12.26] 방송 영상 입니다.

#클리드 #프레이 #MKSI

클리드 생방송 : https://ch.sooplive.co.kr/xoals137
클리드 공식 팬카페 : https://cafe.naver.com/clidfan
플레이리스트 : https://www.youtube.com/playlist?list=PLqBzbvTw1GI6WnKPUR-tY3ptet0unYs-T",2025-01-01T22:58:49Z,UCyoSQyaCrZHro6F_nBiXIYg,클리드,"클리드, 프레이, 롤, mksi",20,https://i.ytimg.com/vi/Gsuyg_bEujA/hqdefault.jpg,,PT29M44S,1784,29:44,2d,hd,false,True,public,False,617940,4030,571,271000,107939258,341,2024-02-29T04:19:41.185973Z,ko
2025-06-02,롤,_HFKu88hYDY,[LOL] 프레이 트리스타나 : 그만해! 이러다 다 죽어,"* 리그오브레전드 프로게이머 프레이의 공식채널입니다. 
* 유튜브 영상은 공유하기로 퍼가셔도 됩니다.
* 재밌게 보고 많이 퍼 가주세요!  좋아요도 부탁드립니다. !

[ 방송 스트리밍 주소 Stream Link ]
• SOOP ◆ https://ch.sooplive.co.kr/pig2704 [생방송 : 20250101]
• Youtube Channel ◆ https://www.youtube.com/@UCSzHok6X5qXEO7cjvVnE62g 

[프로게이머 닉네임]
우리팀 : Seven(KT Feisty), 0l불 밖은 우l험ぁH(Zephyr), Im noob777(MVKE SanSan)
상대팀 : 1Jiang(UP 1Jiang)",2025-01-02T08:00:21Z,UCSzHok6X5qXEO7cjvVnE62g,프레이 TV,"LOL, 리그오브레전드, 프레이, 프쨩, 프짱, Pray, pray, Longzhu, Kz PraY, King Zone Dragon X, 프레이 트타, 프레이 트리스타나, 챌린저 트리스타나, 프레이 이즈, 프레이 이즈리얼, 프레이 오징어게임, 프레이 칼리, 프레이 루시안, 챌린저 트타, 프레이 can win",20,https://i.ytimg.com/vi/_HFKu88hYDY/hqdefault.jpg,,PT25M49S,1549,25:49,2d,hd,false,True,public,False,80709,460,60,657000,616191324,2328,2017-05-25T07:02:43Z,ko
2025-06-02,롤,nJQK0lZ39ek,가렌 미드 템트리 룬 발분 정복자 -  Garen Mid - 롤 KR 천상계 패치 14.24,"가렌 vs 제드
가렌 템트리, 룬
발걸음 분쇄기 가렌 미드
정복자 가렌 미드

- Summary -
Summoner Name : Fight ForFreedom #人间中毒
Tier : GrandMaster 840 LP
Primary Rune : 정복자
First Core Item : 발걸음 분쇄기
Date : 2025-01-01
Server : kr

- Timeline -
00:05 픽 및 밴
00:10 룬
00:15 능력치
00:26 스킬 빌드 순서
00:32 아이템 빌드 순서
09:43 Kill
10:59 Assist
16:20 Kill
17:38 Assist
18:28 Kill
20:51 Kill & Assist
22:30 결과, 총 데미지,총 골드

#가렌",2025-01-01T13:00:52Z,UCtLV_xA5vD7ep-hL2MkKDag,TOP Player Replay KR,"Garen, Garen 14.24, Garen 2025, Garen Conqueror, Garen Mid, Garen Mid 14.24, Garen Stridebreaker, Garen build, Garen gameplay, Garen guide, Garen lol, Garen rune, Garen vs Zed, challenger replay, top player replay, Гарен, ガレン, 德玛西亚之力, 蓋倫, 가렌, 가렌 vs 제드, 가렌 관전, 가렌 라인전, 가렌 룬, 가렌 미드, 가렌 발걸음 분쇄기, 가렌 정복자, 가렌 템트리, 탑 플레이어 리플레이",20,https://i.ytimg.com/vi/nJQK0lZ39ek/hqdefault.jpg,ko,PT22M40S,1360,22:40,2d,hd,false,True,public,False,50,0,0,32900,10307548,28222,2019-02-15T12:30:30Z,none
2025-06-02,롤,BPPNw1UWlw8,낭만 롤,봉풀~,2025-01-01T20:32:33Z,UCviBgN0ps-JTovQgeqBo0PA,lollife롤랖,"롤, 리그오브레전드, lol, 와이프랑롤, 친구랑롤, 여친이랑롤, 남편이랑롤, 봉풀주, 게임, 인기게임, 고전게임, lollife롤랖, lollife, 롤라이프, 롤랖, 언랭, 아이언, 브론즈",20,https://i.ytimg.com/vi/BPPNw1UWlw8/hqdefault.jpg,,PT1H2M32S,3752,01:02:32,2d,hd,false,False,public,False,8,0,0,44,156422,481,2022-05-26T06:06:35.819321Z,ko
2025-06-02,롤,rV-da32UM7A,샤코 서폿 템트리 룬 악의 유성 -  Shaco Support - 롤 KR 천상계 패치 14.24,"샤코 vs 세라핀
샤코 템트리, 룬
악의 샤코 서폿
신비로운 유성 샤코 서폿

- Summary -
Summoner Name : OneZang #KR99
Tier : GrandMaster 747 LP
Primary Rune : 신비로운 유성
First Core Item : 악의
Date : 2025-01-02
Server : kr

- Timeline -
00:05 픽 및 밴
00:10 룬
00:15 능력치
00:26 스킬 빌드 순서
00:32 아이템 빌드 순서
03:54 Kill
06:57 Assist
09:26 Assist
11:50 Assist
13:31 Kill
18:07 Double Kill & Assist
21:36 Assist
22:37 Assist
23:22 Solo Kill
25:59 Assist
26:42 Assist
27:14 Assist
27:54 Kill & Assist
28:27 Assist
30:23 결과, 총 데미지,총 골드

#샤코",2025-01-02T08:00:39Z,UCtLV_xA5vD7ep-hL2MkKDag,TOP Player Replay KR,"Shaco, Shaco 14.24, Shaco 2025, Shaco Arcane Comet, Shaco Malignance, Shaco Support, Shaco Support 14.24, Shaco build, Shaco gameplay, Shaco guide, Shaco lol, Shaco rune, Shaco vs Seraphine, challenger replay, top player replay, Шако, シャコ, 恶魔小丑, 薩科, 샤코, 샤코 vs 세라핀, 샤코 관전, 샤코 라인전, 샤코 룬, 샤코 서폿, 샤코 신비로운 유성, 샤코 악의, 샤코 템트리, 탑 플레이어 리플레이",20,https://i.ytimg.com/vi/rV-da32UM7A/hqdefault.jpg,ko,PT30M33S,1833,30:33,2d,hd,false,True,public,False,385,2,0,32900,10307548,28222,2019-02-15T12:30:30Z,none
2025-06-02,롤,5ia-1Psa2fE,[롤] 갈리오 크산테 말파이트 탐켄치 그리고 비에고 #155 번째 솔랭,"오늘도 행복한 하루 되시고
구독 좋아요 부탁 드리겠습니다.

시청해주셔서 감사합니다!!!
-------------------------------------------------------------------------------------------------------------------------
마용이 라이브 채널들

매일 오후 2시~

치지직 - https://chzzk.naver.com/9f4276b9e4c71427fafda934383eff93
숲 - https://ch.sooplive.co.kr/rnjsdydgk114

영상 관련해서 문제점이나 수정사항 및 피드백 환영합니다.
-------------------------------------------------------------------------------------------------------------------------
마용이 비지니스 및 피드백 연락 수단

kwoncarlos114kr@gmail.com



#마용이 #롤 #신작게임 #리뷰 #게임리뷰 #모바일게임",2025-01-03T06:00:03Z,UCv9m9GxOREbZ9KGP2rzqtcA,마용이 게임채널,"마용이, 종합게임, 온라인게임, 스팀, 고전게임, 갓겜, 인터넷방송, 인방, 치지직, game, livestreaming, 롤, 리그오브레전드",20,https://i.ytimg.com/vi/5ia-1Psa2fE/hqdefault.jpg,ko,PT43M26S,2606,43:26,2d,hd,false,False,public,False,3,0,0,4,2448,9,2024-12-18T08:22:17.274558Z,ko
2025-06-02,롤,eVPeeSGYaVc,[롤] 시즌말의 망자의갑옷 쉔,"#망자의 갑옷 #top shen

채널 이메일 주소 : kennethkim2001@gmail.com
치지직 생방 링크: https://chzzk.naver.com/2de7e28d7cb9d38c103983e71af72583
동쉔 팬디코방: https://discord.gg/WF9sndEHK8",2025-01-01T12:37:34Z,UCLFAXgUAJYL54sd0l8vq5eA,동쉔 DONGSHEN,"리그오브레전드, 즐겜, 즐겜픽, 동쉔, 테온, LOL, SHEN, 레전드, 쉔장인, 쉔궁, 쉔궁준비됨, lol, League of Legends, League, Legends, Shen, Shen craftsman, Korean, Korean Shen, master, shen, shen master, 판테온서폿, 남진, 남진쉔, 탑쉔, 장인, 롤장인, shan, dongshen, korea shen, korean shen, AD Carry, Bottom, 롤강의, 롤 쉔, 강심, 가갑, 가시갑옷, 강철의심장, 공허한광휘, 공광, 얼건, 얼어붙은건틀릿, 얼어붙은건틀릿쉔, 얼건쉔, 강심쉔, 공광쉔, 쉔1티어, 쉔템트리, 쉔빌드, 쉔트리",20,https://i.ytimg.com/vi/eVPeeSGYaVc/hqdefault.jpg,,PT27M1S,1621,27:01,2d,hd,false,True,public,False,1111,21,16,3290,464217,79,2015-08-10T09:51:24Z,none
2025-06-02,롤,aW-Y0YbvlAc,닐라 원딜 템트리 룬 징수 정복자 -  Nilah Bot - 롤 KR 천상계 패치 14.24,"닐라 vs 바루스
닐라 템트리, 룬
징수의 총 닐라 원딜
정복자 닐라 원딜

- Summary -
Summoner Name : 초코파이 슬레이어 #1003
Tier : GrandMaster 842 LP
Primary Rune : 정복자
First Core Item : 징수의 총
Date : 2025-01-01
Server : kr

- Timeline -
00:05 픽 및 밴
00:10 룬
00:15 능력치
00:26 스킬 빌드 순서
00:32 아이템 빌드 순서
03:34 Double Kill
07:39 Kill
10:25 Double Kill
13:43 Kill
14:28 Kill
17:02 Assist
19:36 Kill
20:44 Kill & Assist
22:59 Kill
25:25 Solo Kill & Kill & Assist
27:24 Kill & Assist
28:37 Kill
28:39 결과, 총 데미지,총 골드

#닐라",2025-01-02T03:00:03Z,UCtLV_xA5vD7ep-hL2MkKDag,TOP Player Replay KR,"Nilah, Nilah 14.24, Nilah 2025, Nilah Bot, Nilah Bot 14.24, Nilah Conqueror, Nilah The Collector, Nilah build, Nilah gameplay, Nilah guide, Nilah lol, Nilah rune, Nilah vs Varus, challenger replay, top player replay, Нила, ニーラ, 不羁之悦, 淣菈, 닐라, 닐라 vs 바루스, 닐라 관전, 닐라 라인전, 닐라 룬, 닐라 원딜, 닐라 정복자, 닐라 징수의 총, 닐라 템트리, 탑 플레이어 리플레이",20,https://i.ytimg.com/vi/aW-Y0YbvlAc/hqdefault.jpg,ko,PT28M49S,1729,28:49,2d,hd,false,True,public,False,261,2,0,32900,10307548,28222,2019-02-15T12:30:30Z,none
2025-06-02,롤,6zWio1M5FDg,【14.24버전】롤 솔랭 탑 뽀삐(대 18번째 갱플랭크) 승리,"[마이크]20250101 플래티넘 4
핵심 룬 결의: (착취의 손아귀 - 보호막 강타 - 뼈 방패 - 소생)
보조 룬 마법: (마나순환 팔찌 - 깨달음)
룬 슬롯: 적응형 능력치x2, 강인함 및 둔화 저항x1
사용한 스킨: 귀염둥이 카페 뽀삐(루비)

치지직 채널: https://chzzk.naver.com/6706b782ced5f0787f75d96d73059ab7",2025-01-02T02:45:00Z,UCf8P-jp6SJ4yMoMNcr6xOrQ,다짱어호,,20,https://i.ytimg.com/vi/6zWio1M5FDg/hqdefault.jpg,,PT40M22S,2422,40:22,2d,hd,false,False,public,False,73,0,0,406,438629,3444,2012-06-27T23:27:41Z,ko
2025-06-02,롤,OZ7RSCf-FI4,렝가 정글 템트리 룬 굶드라 정복자 -  Rengar Jungle - 롤 KR 천상계 패치 14.24,"렝가 vs 니달리
렝가 템트리, 룬
굶주린 히드라 렝가 정글
정복자 렝가 정글

- Summary -
Summoner Name : carpe diem #zypp
Tier : GrandMaster 891 LP
Primary Rune : 정복자
First Core Item : 굶주린 히드라
Date : 2024-12-31
Server : kr

- Timeline -
00:05 픽 및 밴
00:10 룬
00:15 능력치
00:26 스킬 빌드 순서
00:32 아이템 빌드 순서
04:18 Assist
07:11 Double Kill
09:12 Assist
10:27 Kill
16:47 Kill
22:13 Kill & Assist
25:14 Kill
27:12 Kill
28:08 Solo Kill
29:20 Double Kill
33:33 Kill & Assist
33:40 결과, 총 데미지,총 골드

#렝가",2025-01-01T12:00:21Z,UCtLV_xA5vD7ep-hL2MkKDag,TOP Player Replay KR,"Rengar, Rengar 14.24, Rengar 2024, Rengar Conqueror, Rengar Jungle, Rengar Jungle 14.24, Rengar Ravenous Hydra, Rengar build, Rengar gameplay, Rengar guide, Rengar lol, Rengar rune, Rengar vs Nidalee, challenger replay, top player replay, Ренгар, レンガー, 傲之追猎者, 雷葛爾, 렝가, 렝가 vs 니달리, 렝가 관전, 렝가 굶주린 히드라, 렝가 라인전, 렝가 룬, 렝가 정글, 렝가 정복자, 렝가 템트리, 탑 플레이어 리플레이",20,https://i.ytimg.com/vi/OZ7RSCf-FI4/hqdefault.jpg,ko,PT33M50S,2030,33:50,2d,hd,false,True,public,False,602,2,0,32900,10307548,28222,2019-02-15T12:30:30Z,none
2025-06-02,롤,F_kVAqPaSZE,렝가 탑 템트리 룬 굶드라 기발 -  Rengar Top - 롤 KR 천상계 패치 14.24,"렝가 vs 클레드
렝가 템트리, 룬
굶주린 히드라 렝가 탑
기민한 발놀림 렝가 탑

- Summary -
Summoner Name : 렝 화 #렝 화
Tier : Master 561 LP
Primary Rune : 기민한 발놀림
First Core Item : 굶주린 히드라
Date : 2025-01-01
Server : kr

- Timeline -
00:05 픽 및 밴
00:10 룬
00:15 능력치
00:26 스킬 빌드 순서
00:32 아이템 빌드 순서
09:11 Assist
10:33 Assist
12:03 Assist
16:59 Assist
18:51 Assist
20:17 Solo Kill
22:11 Kill & Assist
22:37 결과, 총 데미지,총 골드

#렝가",2025-01-02T02:00:08Z,UCtLV_xA5vD7ep-hL2MkKDag,TOP Player Replay KR,"Rengar, Rengar 14.24, Rengar 2025, Rengar Fleet Footwork, Rengar Ravenous Hydra, Rengar Top, Rengar Top 14.24, Rengar build, Rengar gameplay, Rengar guide, Rengar lol, Rengar rune, Rengar vs Kled, challenger replay, top player replay, Ренгар, レンガー, 傲之追猎者, 雷葛爾, 렝가, 렝가 vs 클레드, 렝가 관전, 렝가 굶주린 히드라, 렝가 기민한 발놀림, 렝가 라인전, 렝가 룬, 렝가 탑, 렝가 템트리, 탑 플레이어 리플레이",20,https://i.ytimg.com/vi/F_kVAqPaSZE/hqdefault.jpg,ko,PT22M47S,1367,22:47,2d,hd,false,True,public,False,448,2,0,32900,10307548,28222,2019-02-15T12:30:30Z,none
2025-06-02,롤,m_JGafq2CWQ,롤에 미친 남자 여기 잠들다...,"비즈니스 문의 : creators@iambrand.co.kr

#리그오브레전드",2025-01-06T03:00:41Z,UCBA9XaL5wCdHnC5EmEzwrqw,튜브김민교,"김민교, 민교, 교튜브, 튜브 김민교",20,https://i.ytimg.com/vi/m_JGafq2CWQ/hqdefault.jpg,,PT33M32S,2012,33:32,2d,hd,false,True,public,False,363738,1957,157,738000,653741221,1767,2018-04-25T18:58:53Z,ko
2025-06-02,롤,ctHpa7UcGiY,[LOL] 프레이 진 : 32살 중에 제일 롤 잘하는 사람,"* 리그오브레전드 프로게이머 프레이의 공식채널입니다. 
* 유튜브 영상은 공유하기로 퍼가셔도 됩니다.
* 재밌게 보고 많이 퍼 가주세요!  좋아요도 부탁드립니다. !

[ 방송 스트리밍 주소 Stream Link ]
• SOOP ◆ https://ch.sooplive.co.kr/pig2704 [생방송 : 20250103]
• Youtube Channel ◆ https://www.youtube.com/@UCSzHok6X5qXEO7cjvVnE62g 

[프로게이머 & 장인 닉네임]
우리팀 : 차가운코끼리(DK Jaehyuk), Hegzzz(OMG Heng), 치지직 백색말(Whitehorse), 죽기장인, HLE 크래커(HLE Antimage)
상대팀 : 86921198del(제라스 장인), 편식당(HLE Pyeonsick), 이스굿(프레이 유튜브 공무원)

[타임라인]
00:00 인트로
00:16 게임 시작
23:08 챌린저 세레머니",2025-01-06T10:00:39Z,UCSzHok6X5qXEO7cjvVnE62g,프레이 TV,"LOL, 리그오브레전드, 프레이, 프쨩, 프짱, Pray, pray, Longzhu, Kz PraY, King Zone Dragon X, 프레이 진, 진 프레이, 진종인, 프레이 챌린저, 프레이 점수, 프레이 케이틀린, 케이틀린 프레이, 신궁, 프레이 신궁, lck, 프레이 폼, 프레이 은퇴, 프레이 실력, 롤드컵 애쉬, 프레이 군대, 프레이 전역, 프레이 마스터, 프레이 그마, 프레이 1000점, 프레이 솔랭, korea challenger, korea challenger ad, korea PraY, korea lol PraY, 프레이 30일 챌린저",20,https://i.ytimg.com/vi/ctHpa7UcGiY/hqdefault.jpg,,PT24M16S,1456,24:16,2d,hd,false,True,public,False,235682,1611,144,657000,616191324,2328,2017-05-25T07:02:43Z,ko
2025-06-02,롤,kYR2Fpb80Fw,[LOL] 서포터가 원딜로 살아남는 방법,"º아프리카 https://bj.afreecatv.com/liok0485
º인스타그램 https://www.instagram.com/qingcha94/
º팬카페 https://cafe.naver.com/liok0485
º메일 suz9405@naver.com
----------------------------------------------------------------------------
편집:키샤이님
썸네일: 사밀님!
-----------------------------------------------------------------------
Outro- pixel pig

그것은 바로 비원딜......",2025-01-06T04:00:32Z,UCZW0yRW2HK7_fzgL9HQu9ZA,순당무,"리그오브레전드, 순당무, 롤랜드, 김민교, 마스터, 원딜러, 원딜",20,https://i.ytimg.com/vi/kYR2Fpb80Fw/hqdefault.jpg,,PT32M56S,1976,32:56,2d,hd,false,True,public,False,83147,734,88,236000,99136129,606,2013-04-16T16:18:04Z,ko
2025-06-02,롤,5a5zRsNKHf8,롤 하다가 갑자기 새해 퍼즈 거는 롤 악귀들ㅋㅋㅋㅋ,비즈니스 문의 : creators@iambrand.co.kr,2025-01-04T11:31:07Z,UCBA9XaL5wCdHnC5EmEzwrqw,튜브김민교,"김민교, 민교, 교튜브, 튜브 김민교, 클템, 롤, 새해, 맛종욱, 임아니, lol, lck",20,https://i.ytimg.com/vi/5a5zRsNKHf8/hqdefault.jpg,,PT30M,1800,30:00,2d,hd,false,True,public,False,326985,1775,133,738000,653741221,1767,2018-04-25T18:58:53Z,none
2025-06-02,롤,OH7pb9xlH-0,고교멤 VS 유치원 롤 내전,"*우왁굳 공식 클립퍼 채널입니다.

클립퍼 - 킬제이
썸네일 - 이로점
[250101 고교멤VS유치원롤내전 - 헥스볼 합방 후열]

반찬으로도 부족해? : https://cafe.naver.com/steamindiegame

우왁굳의 게임방송     : https://bit.ly/3UJk0GT
우왁굳의 풀업로두      : https://bit.ly/3A30Ow6
이세계아이돌과 고멤 : https://bit.ly/3Urz5wW",2025-01-04T17:50:41Z,UCZOcwheypMvYN_J2oRBgt2A,왁타버스 ZERO,"우왁굳, 왁굳, 왁두, 왁물원, 팬치, 침팬치, 돚거, 계륵, 왁타버스, 이세돌, 이세계아이돌, 고멤, 고정멤버, WAKTAVERSE",20,https://i.ytimg.com/vi/OH7pb9xlH-0/hqdefault.jpg,ko,PT1H59M13S,7153,01:59:13,2d,hd,false,True,public,False,63324,868,146,260000,269055780,2435,2022-11-10T10:27:56.509459Z,ko
2025-06-02,롤,AQBe0jkC8s8,[LOL] 프레이 케이틀린 : 너 뭐 안 해도 돼,"* 리그오브레전드 프로게이머 프레이의 공식채널입니다. 
* 유튜브 영상은 공유하기로 퍼가셔도 됩니다.
* 재밌게 보고 많이 퍼 가주세요!  좋아요도 부탁드립니다. !

[ 방송 스트리밍 주소 Stream Link ]
• SOOP ◆ https://ch.sooplive.co.kr/pig2704 [생방송 : 20250102]
• Youtube Channel ◆ https://www.youtube.com/@UCSzHok6X5qXEO7cjvVnE62g 

[프로게이머 닉네임]
우리팀 : 차가운코끼리(DK Jaehyuk), Hegzzz(OMG Heng)
상대팀 : dydwns7667(Sang Su), 겨 울(Jett), vital(NS vital), YONG2(LNG Weiwei)",2025-01-05T09:00:08Z,UCSzHok6X5qXEO7cjvVnE62g,프레이 TV,"LOL, 리그오브레전드, 프레이, 프쨩, 프짱, Pray, pray, Longzhu, Kz PraY, King Zone Dragon X, 프레이 케이틀린, 케이틀린 프레이, 케틀 프레이, 프레이 뭐하려고 하지마, 프레이 케틀, 프레이 점수, 프레이 챌린저, lck, 프레이 폼, 프레이 은퇴, 프레이 실력, 롤드컵 애쉬, 프레이 군대, 프레이 전역, 프레이 마스터, 프레이 그마, 프레이 1000점, 프레이 솔랭, korea challenger, korea challenger ad, korea PraY, korea lol PraY",20,https://i.ytimg.com/vi/AQBe0jkC8s8/hqdefault.jpg,,PT25M29S,1529,25:29,2d,hd,false,True,public,False,116344,504,67,657000,616191324,2328,2017-05-25T07:02:43Z,ko
2025-06-02,롤,pljKgimw6ls,롤을 하면서 ASMR을 하면서 오로라를 합니다.,#asmr,2025-01-05T13:01:04Z,UCvTs913Qq0FwCqaozFr5CCA,효자씨,"게임 asmr, 롤",20,https://i.ytimg.com/vi/pljKgimw6ls/hqdefault.jpg,,PT29M16S,1756,29:16,2d,hd,false,True,public,False,4525,73,30,4750,1835156,192,2018-04-21T04:23:47Z,none
2025-06-02,롤,rD7gnhTAXm8,"""너희들은 나에게 감동이었어"" 저티어 감독 마지막 이야기 【MKSI 결승】","[24.12.30] 방송 영상 입니다.

#클리드 #프레이 #MKSI

클리드 생방송 : https://ch.sooplive.co.kr/xoals137
클리드 공식 팬카페 : https://cafe.naver.com/clidfan
플레이리스트 : https://www.youtube.com/playlist?list=PLqBzbvTw1GI6WnKPUR-tY3ptet0unYs-T

📢BGM
✔️Track - The Road to Your Inspiration - Inspiring Cinematic Music
✔️Soundcloud -   / keysofmoon  
✔️나눔뮤직 - https://tv.naver.com/v/12021211",2025-01-06T19:48:07Z,UCyoSQyaCrZHro6F_nBiXIYg,클리드,"클리드, 프레이, 롤, MKSI",20,https://i.ytimg.com/vi/rD7gnhTAXm8/hqdefault.jpg,,PT1H37M48S,5868,01:37:48,2d,hd,false,True,public,False,502187,4346,609,271000,107939258,341,2024-02-29T04:19:41.185973Z,none
2025-06-02,롤,i1K9qydVO3E,2025 시즌 1 [녹서스로의 초대] 시즌 오프닝 드래프트 | 2025 LCK,"리그 오브 레전드의 2025 시즌 1이 1월 9일 시작됩니다.
1월 10일 녹서스 협곡에서 LCK 선수들의 플레이를 미리 경험해 보세요!

✅타임라인
00:00 오프닝
01:11 포지션별 주장 소개
04:12 드래프트 진행 방식
04:40 순서 정하기 게임
11:00 드래프트
18:52 주장단 각오

#LCK #HouseofLegends #녹서스로의초대

✅ LIVE & LIVE VOD
- LoL e스포츠 홈페이지:  https://lolesports.com/
- 네이버: https://sports.news.naver.com/esports/index.nhn
- SOOP: https://ch.sooplive.co.kr/aflol

✅ LCK 채널 구독 및 좋아요!
- LCK 공식 페이스북:  https://www.facebook.com/officiallck
- LCK 공식 인스타그램:  https://www.instagram.com/lckofficial/
- LCK 공식 틱톡 : https://tiktok.com/@lck_official
- LCK 공식 트위터 (영문):  https://twitter.com/LCK

* LCK 채널의 모든 영상은 라이엇 게임즈 코리아의 자산으로, 본 콘텐츠를 무단 복제, 도용하거나 상업적으로 이용하는 행위는 금지되며 이를 위반할 경우 관련법에 의거 법적 처벌을 받을 수 있음을 알려드립니다.",2025-01-05T09:17:10Z,UCw1DsweY9b2AKGjV4kGJP1A,LCK,"LCK, LCK Korea, 롤챔스, 티원, 에욱, SNL, LCK썸네일, 편집자, 스크, T1, SKT, skt, t1, 썸네일, DK, GEN, DRX, KT, HLE, POG, MVP, WORLDS, 롤드컵, MSI, ALLSTAR, lck 서머, lck 썸머, lck 써머, lck 스프링, lck summer, lck spring, LSB, NS, 한화생명, 농심, 케이티, 젠지, 광동, 담원, 브리온, Brion, BRO, 므시, 올스타, 매드무비, 위클리 코맨터리, MIC Check, MIC 첵, 롤분토론, 동준좌, 클템, 성캐, 오프더레코드, 월드챔피언십, 단톡, 롤더넥, 마이크체크, 광동프릭스, KDF, Kwangdong Freecs, 베스트모먼트, 롤리나잇, 성캐쇼, LCK10주년, 혓바닥터스, 헬리오스, 캡틴잭, 리브샌박, 디플러스 기아, 디플, 플레임, 시크릿보드룸, 단군, 리뷰데스크, 포니, 꼬꼬갓, 고수진, 배혜지, 함예진, 윤수빈, 2024LCK, 2024롤챔스, 노페, 후니, 이은빈, 단합대회, 페이커, 쵸비, 2024월즈, 롤드컵2024",20,https://i.ytimg.com/vi/i1K9qydVO3E/hqdefault.jpg,ko,PT21M13S,1273,21:13,2d,hd,false,True,public,False,596712,0,1098,1530000,2127593946,11318,2019-01-14T08:42:08Z,ko
2025-06-02,롤,lgYoaF7VvmE,버튜버가 롤체로 리벤지 신청을 했습니다,"#롤체 #롤토체스  #버튜버 #  @MumyongA  

타방송에서 저를 보더라도 언급은 자제 부탁드립니다!
(다른 스트리머에게 민폐라서 부끄러워요)

무묭A님의 유튜브
https://www.youtube.com/@UCzfJSVjLLuA7oLGZrFwFR6A 
무묭A님의 치지직 채널
https://chzzk.naver.com/ae601a5619064bbe35bca3fadae9863a

벤쭈 디스코드에서 노가리 깔사람! 
https://discord.com/invite/J8BZys3ejd
벤쭈 치지직에서 뱅송볼사람! https://chzzk.naver.com/2030a669dc8a34691c24d3b9bddbf0c0

00:00 롤체합방을 하게 된 이유
02:30 첫판 시작
11:07 두번째판 시작
17:10 세번쨰판 시작",2025-01-04T03:00:36Z,UCoKY6eO9W9XNVVKcJdJ4hYQ,벤쭈,,20,https://i.ytimg.com/vi/lgYoaF7VvmE/hqdefault.jpg,,PT25M12S,1512,25:12,2d,hd,false,True,public,False,7692,83,11,5660,1777586,148,2022-01-24T15:45:40.535684Z,none
2025-06-02,롤,msIwbtcLZGg,뽀삐 정글 템트리 룬 칠흑 난입 -  Poppy Jungle - 롤 KR 챌린저 패치 14.24,"뽀삐 vs 렝가
뽀삐 템트리, 룬
칠흑의 양날 도끼 뽀삐 정글
난입 뽀삐 정글

- Summary -
Summoner Name : 長幼有序 #進退兩難
Tier : Challenger 1044 LP
Primary Rune : 난입
First Core Item : 칠흑의 양날 도끼
Date : 2025-01-03
Server : kr

- Timeline -
00:05 픽 및 밴
00:10 룬
00:15 능력치
00:26 스킬 빌드 순서
00:32 아이템 빌드 순서
01:02 Assist
03:32 Kill & Assist
08:11 Assist
10:00 Assist
11:17 Kill & Assist
14:00 Assist
14:49 Assist
15:44 Assist
18:38 Kill & Assist
20:07 Assist
21:52 Assist
22:28 Assist
23:42 Assist
28:01 Assist
28:33 결과, 총 데미지,총 골드

#뽀삐",2025-01-04T11:01:14Z,UCtLV_xA5vD7ep-hL2MkKDag,TOP Player Replay KR,"Poppy, Poppy 14.24, Poppy 2025, Poppy Black Cleaver, Poppy Jungle, Poppy Jungle 14.24, Poppy Phase Rush, Poppy build, Poppy gameplay, Poppy guide, Poppy lol, Poppy rune, Poppy vs Rengar, challenger replay, top player replay, Поппи, ポッピー, 圣锤之毅, 波比, 뽀삐, 뽀삐 vs 렝가, 뽀삐 관전, 뽀삐 난입, 뽀삐 라인전, 뽀삐 룬, 뽀삐 정글, 뽀삐 칠흑의 양날 도끼, 뽀삐 템트리, 탑 플레이어 리플레이",20,https://i.ytimg.com/vi/msIwbtcLZGg/hqdefault.jpg,ko,PT28M43S,1723,28:43,2d,hd,false,True,public,False,790,1,1,32900,10307548,28222,2019-02-15T12:30:30Z,none
2025-06-02,롤,669evmg2ovE,"【14.24버전】롤 솔랭 서폿 타릭(대 케이틀린, 쓰레쉬) 승리","[마이크]20250104 플래티넘 4
핵심 룬 마법: (콩콩이 소환 -마나순환 팔찌 - 깨달음 - 주문 작열)
보조 룬 정밀: (침착 - 전설: 가속)
룬 슬롯: 공격 속도x1, 적응형 능력치x1, 체력x1
사용한 스킨: 에메랄드 타릭

치지직 채널: https://chzzk.naver.com/6706b782ced5f0787f75d96d73059ab7",2025-01-05T02:15:00Z,UCf8P-jp6SJ4yMoMNcr6xOrQ,다짱어호,,20,https://i.ytimg.com/vi/669evmg2ovE/hqdefault.jpg,,PT22M53S,1373,22:53,2d,hd,false,False,public,False,44,0,0,406,438629,3444,2012-06-27T23:27:41Z,none
2025-06-02,롤,UpN1wRK-HX0,바이 정글 템트리 룬 갈라진 하늘 정복자 -  Vi Jungle - 롤 KR 챌린저 패치 14.24,"바이 vs 킨드레드
바이 템트리, 룬
갈라진 하늘 바이 정글
정복자 바이 정글

- Summary -
Summoner Name : Juhana #KRR1
Tier : Challenger 1181 LP
Primary Rune : 정복자
First Core Item : 갈라진 하늘
Date : 2025-01-05
Server : kr

- Timeline -
00:05 픽 및 밴
00:10 룬
00:15 능력치
00:26 스킬 빌드 순서
00:32 아이템 빌드 순서
03:16 Kill
04:59 Kill
09:20 Assist
10:07 Kill
12:11 Assist
12:37 Solo Kill
14:42 Kill
17:58 Kill
19:00 Assist
20:56 Assist
21:50 Assist
22:12 Kill
23:59 Kill
24:35 Kill & Assist
26:18 Kill & Assist
26:37 결과, 총 데미지,총 골드

#바이",2025-01-06T09:01:00Z,UCtLV_xA5vD7ep-hL2MkKDag,TOP Player Replay KR,"Vi, Vi 14.24, Vi 2025, Vi Conqueror, Vi Jungle, Vi Jungle 14.24, Vi Sundered Sky, Vi build, Vi gameplay, Vi guide, Vi lol, Vi rune, Vi vs Kindred, challenger replay, top player replay, Вай, ヴァイ, 皮城执法官, 菲艾, 바이, 바이 vs 킨드레드, 바이 갈라진 하늘, 바이 관전, 바이 라인전, 바이 룬, 바이 정글, 바이 정복자, 바이 템트리, 탑 플레이어 리플레이",20,https://i.ytimg.com/vi/UpN1wRK-HX0/hqdefault.jpg,ko,PT26M47S,1607,26:47,2d,hd,false,True,public,False,648,2,0,32900,10307548,28222,2019-02-15T12:30:30Z,none
2025-06-02,롤,bfwJw0emT1g,인챈트 vs 카론 롤 내전 제드사타구니 출격,"♥----------------------♥----------------------♥----------------------♥
✦에스더 - 엘리 Ellie✦
✦Live : https://chzzk.naver.com/475313e6c26639d5763628313b4c130e
✦Fan cafe : https://cafe.naver.com/vkpopstar
✦Twitter : https://x.com/Bestwizardellie
♥----------------------♥----------------------♥----------------------♥
#버튜버 #에스더 #카론 #vtuber #인챈트",2025-01-06T09:00:42Z,UCZCQ89t8HyeLkv4nGVtPwqQ,엘리 Ellie 【에스더】,,20,https://i.ytimg.com/vi/bfwJw0emT1g/hqdefault.jpg,,PT20M12S,1212,20:12,2d,hd,false,True,public,False,10660,172,22,20900,5727488,399,2023-06-20T08:09:56.197372Z,none
2025-06-02,롤,hzLY2PPLSK0,【14.24버전】롤 솔랭 탑 뽀삐(대 22번째 오른) 승리,"[마이크]20250105 플래티넘 4
핵심 룬 결의: (착취의 손아귀 - 보호막 강타 - 뼈 방패 - 소생)
보조 룬 마법: (마나순환 팔찌 - 깨달음)
룬 슬롯: 적응형 능력치x2, 강인함 및 둔화 저항x1
사용한 스킨: 녹서스 뽀삐

치지직 채널: https://chzzk.naver.com/6706b782ced5f0787f75d96d73059ab7",2025-01-05T02:45:03Z,UCf8P-jp6SJ4yMoMNcr6xOrQ,다짱어호,,20,https://i.ytimg.com/vi/hzLY2PPLSK0/hqdefault.jpg,,PT27M39S,1659,27:39,2d,hd,false,False,public,False,101,0,0,406,438629,3444,2012-06-27T23:27:41Z,ko
2025-06-02,롤,4tJqsjvUXEk,[리그오브레전드] 새해 복 많이 받으시고 롤 방송 새해첫방송갑니당.  #빅보스  #아스달연대기 #리니지m #로드나인 #롬,"이회장 Youtube 구독&좋아요 부탁드려요!
↓↓↓↓↓ 이회장 투네이션 후원 아래 주소 ↓↓↓↓↓
https://toon.at/donate/637128879768089199
↓↓↓↓↓ 이회장 멤버십  주소 ↓↓↓↓↓
https://www.youtube.com/channel/UCAJMWFKr-IZD-p4KBXBg5ng/join
 ※ 게임 내 확률형 아이템 포함",2025-01-04T05:59:02Z,UCAJMWFKr-IZD-p4KBXBg5ng,이회장,"레이븐2, 로드나인, 롤, 롬, 리니지m, 빅보스, 수삼티비, 아스달연대기",20,https://i.ytimg.com/vi/4tJqsjvUXEk/hqdefault.jpg,,PT1H53M16S,6796,01:53:16,2d,hd,false,True,public,False,857,21,1,51800,8571320,1245,2019-12-17T18:40:17.101826Z,none
2025-06-02,롤,iWj7OpagmRk,럼블 정글 템트리 룬 리안드리 수확 -  Rumble Jungle - 롤 KR 천상계 패치 14.24,"럼블 vs 비에고
럼블 템트리, 룬
리안드리의 고통 럼블 정글
어둠의 수확 럼블 정글

- Summary -
Summoner Name : 기대치 감소 #기대하다
Tier : GrandMaster 674 LP
Primary Rune : 어둠의 수확
First Core Item : 리안드리의 고통
Date : 2025-01-05
Server : kr

- Timeline -
00:05 픽 및 밴
00:10 룬
00:15 능력치
00:26 스킬 빌드 순서
00:32 아이템 빌드 순서
03:43 Assist
06:57 Assist
07:44 Assist
09:42 Kill
10:27 Kill
12:10 Double Kill
13:49 Assist
15:49 Assist
16:34 Kill
17:18 Solo Kill
18:31 Kill
19:12 Solo Kill
19:35 Kill
22:00 Kill & Assist
25:15 Kill & Assist
25:34 결과, 총 데미지,총 골드

#럼블",2025-01-05T21:00:40Z,UCtLV_xA5vD7ep-hL2MkKDag,TOP Player Replay KR,"Rumble, Rumble 14.24, Rumble 2025, Rumble Dark Harvest, Rumble Jungle, Rumble Jungle 14.24, Rumble Liandry's Torment, Rumble build, Rumble gameplay, Rumble guide, Rumble lol, Rumble rune, Rumble vs Viego, challenger replay, top player replay, Рамбл, ランブル, 机械公敌, 藍寶, 럼블, 럼블 vs 비에고, 럼블 관전, 럼블 라인전, 럼블 룬, 럼블 리안드리의 고통, 럼블 어둠의 수확, 럼블 정글, 럼블 템트리, 탑 플레이어 리플레이",20,https://i.ytimg.com/vi/iWj7OpagmRk/hqdefault.jpg,ko,PT25M44S,1544,25:44,2d,hd,false,True,public,False,1194,6,0,32900,10307548,28222,2019-02-15T12:30:30Z,none
2025-06-02,롤,uZWCYwU5--s,뽀삐 탑 템트리 룬 갈라진 하늘 착취 -  Poppy Top - 롤 KR 천상계 패치 14.24,"뽀삐 vs 판테온
뽀삐 템트리, 룬
갈라진 하늘 뽀삐 탑
착취의 손아귀 뽀삐 탑

- Summary -
Summoner Name : xu xu bao bao #天灰灰
Tier : GrandMaster 803 LP
Primary Rune : 착취의 손아귀
First Core Item : 갈라진 하늘
Date : 2025-01-05
Server : kr

- Timeline -
00:05 픽 및 밴
00:10 룬
00:15 능력치
00:26 스킬 빌드 순서
00:32 아이템 빌드 순서
06:12 Kill
16:17 Assist
16:47 Assist
17:57 Kill & Assist
19:52 Assist
20:01 결과, 총 데미지,총 골드

#뽀삐",2025-01-05T23:00:45Z,UCtLV_xA5vD7ep-hL2MkKDag,TOP Player Replay KR,"Poppy, Poppy 14.24, Poppy 2025, Poppy Grasp of the Undying, Poppy Sundered Sky, Poppy Top, Poppy Top 14.24, Poppy build, Poppy gameplay, Poppy guide, Poppy lol, Poppy rune, Poppy vs Pantheon, challenger replay, top player replay, Поппи, ポッピー, 圣锤之毅, 波比, 뽀삐, 뽀삐 vs 판테온, 뽀삐 갈라진 하늘, 뽀삐 관전, 뽀삐 라인전, 뽀삐 룬, 뽀삐 착취의 손아귀, 뽀삐 탑, 뽀삐 템트리, 탑 플레이어 리플레이",20,https://i.ytimg.com/vi/uZWCYwU5--s/hqdefault.jpg,ko,PT20M11S,1211,20:11,2d,hd,false,True,public,False,111,0,0,32900,10307548,28222,2019-02-15T12:30:30Z,none
2025-06-02,롤,g4QnBOgorK0,【14.24버전】롤 솔랭 탑 뽀삐(대 2번째 바루스) 패배,"[마이크]20250105 플래티넘 4
핵심 룬 결의: (착취의 손아귀 - 보호막 강타 - 재생의 바람 - 소생)
보조 룬 마법: (마나순환 팔찌 - 깨달음)
룬 슬롯: 적응형 능력치x2, 강인함 및 둔화 저항x1
사용한 스킨: 기본 뽀삐

치지직 채널: https://chzzk.naver.com/6706b782ced5f0787f75d96d73059ab7",2025-01-05T02:30:29Z,UCf8P-jp6SJ4yMoMNcr6xOrQ,다짱어호,,20,https://i.ytimg.com/vi/g4QnBOgorK0/hqdefault.jpg,,PT35M46S,2146,35:46,2d,hd,false,False,public,False,82,1,0,406,438629,3444,2012-06-27T23:27:41Z,ko
2025-06-02,롤,CIQsYO9SD3k,"귀에 면봉 500개 (핫크리스피 버거 먹방,눅눅한 졈니,롤아니 본 오아,센스와 한끝차이,무창오더에 터진 토마토,봉준타로 보는 오리) (25.01.04) #1 👒","💖 아프리카TV 생방송 : http://bj.afreecatv.com/dudadi770
💖 듀단[듀튜브] : https://www.youtube.com/channel/UCPd2VrGLDguFs9AckozHtrA
좋아요, 구독 눌러달라굴! 🐸

0:00 다들 듀일우~ (문제점 찾기,소소 소통)
31:20 핫크리스피 버거 먹방 (소소 소통)
1:03:55 듀고보자 (공포게임 추천,눅눅한 졈니,존잘보는 시민들 반응,키 작은 친구랑 여행갈때 필수템)
1:08:58 듀고보자 (공포게임 즐기는 자,짚라인 돌발상황,비틀즈 생산중단,롤아니 본 오아)
1:12:29 듀고보자 (파이어에그 언제 뜨나요,마토 미친 무빙,토마토 스타야설,센스와 한끝차이)
1:17:42 듀고보자 (저 디임이랑 친해요,김민교 고급진 멘트,CK 전적 사이트,뱀이 쫄았을때 하는 행동)
1:22:57 듀고보자 (개구리고기 먹은 여자들 반응,가슴 부여잡는 다람쥐,임아니랑 싸웠어?,넌 제대로해)
1:26:34 듀고보자 (마오 잘하는 사람 섹시하더라,무창오더에 터진 토마토,펜타킬 하는 학살)
1:31:15 듀고보자 (준수 X년,사칭 김봉준,팩트에 터진 김봉준,타로 속궁합,귀에 면봉 500개)
1:35:06 듀고보자 (봉준타로 보는 오리,새해 감스트가 하는 말)",2025-01-06T08:32:00Z,UCzGj_ulXlCDUfCaIr1JzR3A,긴듀단,"듀단, 아프리카, 아프리카TV, 게임, 종합게임, 다시보기, 풀영상",20,https://i.ytimg.com/vi/CIQsYO9SD3k/hqdefault.jpg,,PT1H37M54S,5874,01:37:54,2d,hd,false,False,public,False,658,10,0,10900,3594325,3024,2017-09-18T15:17:12Z,ko
2025-06-02,서든,S_nyAkVygg8,랭크전에서 분조장 있는 유저를 만났습니다…너 마음에든다 【서든어택 랭크전】,"인스타: godjuil
치지직: https://chzzk.naver.com/ac2d57332fee3b329443aba0bfb1942b

🎵Music provided by 브금대통령 BGM President'
🎵Track : 웃자/Let's Laugh https://www.youtube.com/watch?v=L13KaMnQt0c

🎵Music provided by 브금대통령 BGM President'
🎵Track : 내가낸데/I'm so lit https://www.youtube.com/watch?v=x3R6VULj0jY

🎵Music provided by 브금대통령 BGM President'
🎵Track : 뚱이는 못말려 - https://youtu.be/650XS7TLVvY",2025-01-02T11:31:06Z,UCwo8NutZxB3swWIpUVedJWw,갓주일,"서든어택, 슉맨, 레일리, 경찬이, 더블, 로얄, 마블, 킥스나, 서든, 외쳐, 갓주일, 주일, xm68, 마크, 노바, mp-x3, 제노",20,https://i.ytimg.com/vi/S_nyAkVygg8/hqdefault.jpg,,PT24M15S,1455,24:15,2d,hd,false,True,public,False,119095,491,103,153000,67031046,456,2021-06-22T08:22:52.118406Z,ko
2025-06-02,서든,17FbhV4H8cs,저기요..30만원 입금 했는데 어디가세요 ?? 【킥반장 핵수사】,"시청해주셔서 감사합니다!!
구독 좋아요 댓글 부탁드려요😘
광고 및 모든 문의 : starfish@starfishentertainment.co.kr
------------------------------------------------------------
Editing : 황PD",2025-01-02T14:45:20Z,UCMYu489PAK30L1eYR4eQJmA,킥튜브,"킥스나, 빡사, 보빡, 서든, 서든어택, 미키, 미키스나, 갓주일, 슉맨, 맹밍, 스나, 스나이퍼, 승급전, 서든핵, 강승산, 승산, 랭크전, 레전드, 불전드, 불레, 키티",20,https://i.ytimg.com/vi/17FbhV4H8cs/hqdefault.jpg,,PT22M9S,1329,22:09,2d,hd,false,True,public,False,154187,538,157,162000,349388071,1645,2011-06-23T14:38:26Z,none
2025-06-02,서든,I-S0IQxur3I,악마가 된 빠무띠,"서든어택 바닥 남바완 빠무띠

------------------------------------------------------------------------------------------

아프리카tv ☞ 서든빠무띠 (매일 낮~새벽 생방송! 해요💛)
인스타 ☞ nowevol

🏆🎮무띠의 장비🎮🏆
마우스:지프로 감도 0 dpi:300 폴링:1000
키보드:엠스톤 갈축
모니터:벤큐2411p
해상도:800x600 전체화면
패드:퀵매스
의자:시디즈t80
마이크:앱코 스탠드
이어폰:아즈라 아젤

🎲무띠의 성능옵션🎲
그림자 : 켜기
날씨 효과 : 끄기
총알 궤적 : 켜기
탄피 : 끄기
다이나믹라이트 : 켜기
특수효과 : 구버전 (중)
캐릭터 : 신버전 (하)
무기 구버전
혈흔 구버전

------------------------------------------------------------------------------------------",2025-01-01T13:00:02Z,UCzUl4N1ZYgaKHC0v-cb9k5g,빠무띠비,"서든, 에버, 슈프리, wc, 라플, 스나, 키티, 빠무띠, 서든신, 바닥, 리베, 손대한, 울산, 서플라이, 자두, 아담스, Hack.wc, 바닥신, 고발, 미키스나, 미키, 빡사, 1부, 2부, 서플, 성민러스, 슉맨, 임준영, 준영, 김동민, 권찬, 네이비, 멩밍이, 바니, 리프, 리프스나, 제닉스, 나실인, 투엘리, 랭크전, 레일리, 제리, 해적, 보급, 3보급, 3보, 호펭, 로핑, 폭타니, 갈락, 갈락티코, 3rd, 오프인증, 랜딩, 이상호, 괴물쥐, 뜨뜨, 성민쿵, 서든강좌, 에보, 빽샷, 착검, 서든폭, 위폭, 대룰, 김지훈, 머더, 위티, 방플, 서든핵, 서든방플, 혜성, 혜안, 용락, 초대석, 서등, 서드, 서드ㄴ, A보, 서든멸망전, 서든대회, 챔스, 젠지, 배그, 월핵, 쁘띠무띠, 선고링, 갓주일, 주일, 앵늘, 하뚜윤, 팬클, 키티오프인증, 먹방, 오버워치, 옵치, 킴성태, 강윤성, kitty, 킥스나, 킥주일, 김주일, 강건, 방플논란, 마블, 냥티모, 서든원격, 서든부캐, 부캐로, 핵의심, 중세철창, 엔비디아, 파존, 피오, 라라, 친절한라라, 철구, 차승아, 네이삐, 라포, 자두오프, 컨뒤폭, 정현석, 슉맨갓, 정한울, 폴리, 폴리님, 대룰내전, 대룰리그, 긱스",20,https://i.ytimg.com/vi/I-S0IQxur3I/hqdefault.jpg,,PT21M57S,1317,21:57,2d,hd,false,True,public,False,14490,43,24,9460,14013743,426,2021-09-02T07:42:25.682827Z,ko
2025-06-02,서든,t8CK9rb_9lI,서든어택 탈출구역 플레이 영상 20Wave 클리어 시간 32분56초 (팀랭킹 2위),,2025-01-02T13:34:13Z,UCH2Q5mswpVoqygpqtHSfc4A,다크소울엣지3,,20,https://i.ytimg.com/vi/t8CK9rb_9lI/hqdefault.jpg,,PT35M8S,2108,35:08,2d,hd,false,False,public,False,17,0,0,376,748921,8090,2022-04-29T09:50:19.528461Z,ko
2025-06-02,서든,sZe2FOpGFxs,발X찬 하루 (+디스코드 피드백),"아프리카 주소 : https://bj.afreecatv.com/sk7442
인스타 : hgzzang123
메일 : sk74425@naver.com

＃서든랭크전 #서든어택

------------저작권 출처표기--------------
🎵 Track Info:
Title: (Look Out) She's America by Otis McDonald
Genre and Mood: Dark  + Hip Hop & Rap
License: You're free to use this song and monetize your videos.

Song: Ship Wrek, Zookeepers & Trauzers - Vessel [NCS Release] 
Music provided by NoCopyrightSounds.
Watch: https://youtu.be/PXf4rkguwDI
Download/Stream: http://ncs.io/VesselCr

🎵Music provided by 브금대통령
🎵Track : Black Comedy - (https://youtu.be/gHlSF3VpB9U)
🎵Track : 참나 어이가 없어서 - (https://youtu.be/sjMoahChxZo)
🎵Track : 눈치게임- (https://youtu.be/zq8p0Rk6lRM)
🎵Track : 그 빵은 내꺼야 - (https://youtu.be/Jyh4ETOLIhQ)",2025-01-01T09:25:00Z,UC0i51dSc94ocrcl_ycOOaxQ,서한결,#서든어택 #서든 랭크전,20,https://i.ytimg.com/vi/sZe2FOpGFxs/hqdefault.jpg,,PT23M20S,1400,23:20,2d,hd,false,True,public,False,10639,59,14,18700,4890332,260,2017-03-28T10:05:47Z,ko
2025-06-02,서든,CA5mYaOOR3g,서든어택,서든어택,2025-01-03T05:55:52Z,UCE5SDfih5257eRNbIlrS6VQ,밍기밍,,20,https://i.ytimg.com/vi/CA5mYaOOR3g/hqdefault.jpg,,PT1H12M36S,4356,01:12:36,2d,hd,false,False,public,False,35,0,0,52,27552,310,2015-02-06T15:38:19Z,none
2025-06-02,서든,KX_W8HVzJXo,ㅇㅎ&ㅂㅇ&ㅈㅇ 서든어택 랭크전 part.2,,2025-01-03T02:19:06Z,UCd4cmSb2VMGccz-P5vOyOIQ,도촌TV,,20,https://i.ytimg.com/vi/KX_W8HVzJXo/hqdefault.jpg,,PT1H59M15S,7155,01:59:15,2d,hd,false,False,public,False,6,0,0,18,800,135,2014-01-04T17:29:49Z,ko
2025-06-02,서든,FYMJhCUOuJk,2025-01-01 서든어택 EXIT 2인 플레이 2라운드~ (음성),,2025-01-01T14:32:15Z,UCs1LDD5FzKEUnzBJYhoXumQ,JDH피스록맨,,20,https://i.ytimg.com/vi/FYMJhCUOuJk/hqdefault.jpg,,PT54M24S,3264,54:24,2d,hd,false,False,public,False,17,0,0,1000,850988,3271,2011-11-15T14:56:26Z,none
2025-06-02,서든,JLEcpmlui9M,랭크전 별레전드들의 비주류 맵  포지션 별 수비 방법 【Part. 4】,"🎬타임라인

00:00 인사
00:28 데저트
08:11 화이트스콜
14:16 B2
18:01 지하철
22:44 이탈리아
28:35 5보급
32:08 3보급
36:36 펠리스



#서든  #서든어택   #서든랭크전 #우니 #혀반샷우니


아프리카 생방송: https://bj.afreecatv.com/wjsqudtn9

우니PC 구매문의⭐️
다나와보다 저렴한 글로리PC 견적문의 ☞ https://pf.kakao.com/_ZvlQG

최적화는 글로리솔루션⭐️
PC 최적화(렉,프레임,밀림현상) 고객만족도 1위 ☞ http://pf.kakao.com/_dUAIb

디자인은 솜디자인⭐️
https://pf.kakao.com/_CExbfxj

[BGM 정보]
- Kevin MacLeod의 크리에이티브 커먼즈 저작자 표시 4.0 라이선스가 적용됩니다. https://creativecommons.org/licenses/...
출처: http://incompetech.com/music/royalty-...
아티스트: http://incompetech.com/
   
 ⬇아웃트로:서든어택 트레일러 THE LAST BULLET ⬇
  

 • 서든어택 트레일러 THE LAST BULLET  
   아웃트로 BGM: neffex-desperate
BGM 출처
-브금 대통령",2025-01-01T02:00:17Z,UCEJ_pyt0teFB9ajxoT5V0Vg,혀반샷우니,,20,https://i.ytimg.com/vi/JLEcpmlui9M/hqdefault.jpg,,PT42M47S,2567,42:47,2d,hd,false,True,public,False,3881,48,26,11000,10506147,604,2016-08-24T17:10:10Z,ko
2025-06-02,서든,A1HN7auHZmw,서든어택 랭크전  방송,서토 게임 방송,2025-01-01T02:35:57Z,UCoIYyc3Ylwt1_riaGWsJQpw,서토,,20,https://i.ytimg.com/vi/A1HN7auHZmw/hqdefault.jpg,,PT1H20M3S,4803,01:20:03,2d,sd,false,False,public,False,5,0,0,10,242,15,2013-02-21T02:30:45Z,ko
2025-06-02,서든,T_BZAWGbldo,ㅇㅎ&ㅂㅇ&ㅈㅇ 서든어택 3:3랭크전 part.1,,2025-01-01T00:27:58Z,UCd4cmSb2VMGccz-P5vOyOIQ,도촌TV,,20,https://i.ytimg.com/vi/T_BZAWGbldo/hqdefault.jpg,,PT42M39S,2559,42:39,2d,hd,false,False,public,False,7,0,0,18,800,135,2014-01-04T17:29:49Z,none
2025-06-02,서든,spCsxfod3rA,서든어택 게임 방송,서토 게임 방송,2025-01-02T00:00:31Z,UCoIYyc3Ylwt1_riaGWsJQpw,서토,,20,https://i.ytimg.com/vi/spCsxfod3rA/hqdefault.jpg,,PT49M35S,2975,49:35,2d,sd,false,False,public,False,11,0,0,10,242,15,2013-02-21T02:30:45Z,ko
2025-06-02,서든,4G_3OJnldFA,미니서든(xoperations) 애드온 정복기 Part.69,"#추억의게임, #엑스오퍼레이션, #미니서든 

게임 다운 받기 : https://cafe.naver.com/xopertaion
 엑스오퍼레이션 많이 사랑해 주세요.",2025-01-03T11:51:00Z,UCq1FW1JH3z0p8vtEIqj-9iA,연백,"추억의게임, 엑스오퍼레이션, 미니서든",20,https://i.ytimg.com/vi/4G_3OJnldFA/hqdefault.jpg,,PT57M48S,3468,57:48,2d,hd,false,False,public,False,627,6,10,287,246863,175,2013-05-19T08:55:02Z,ko
2025-06-02,서든,gbPXcpBRJRw,서든어택 행님스나 354편 고민시 vs 송하영 폭알람 vs  히트마크 어떤 선택을 해야할까?,"고민시 캐릭터와 송하영 캐릭터는 아주 좋은
기능이 있습니다. 점프 사운드 묵음과 아군 발소리 끄기 기능이 있습니다.
고민시는 폭탄 알람 기능이 있고, 송하영은 히트마크 기능이 있습니다.
저는 두 캐릭을 모두 사용해봤는데 폭탄 알람 기능의 고민시 캐릭이 
별로 라고 생각합니다. 오히려 송하영의 히트마크가 더 도움이 됩니다.
물론 이것은 똥참새의 생각입니다. ㅋㅋㅋㅋㅋㅋ
티어에 따라서 느낌이 다를거라 생각합니다. 
그리고 캐릭터에서 또 중요한것은 색상입니다.
색상은 고민시가 좀 더 좋다고 생각합니다.
플마에서 가격은 지금 고민시가 더 비쌉니다.


서든어택 최적화 ""핑크솔루션"": 
https://blog.naver.com/hokap123 

유료 맴버십 가입은 아래를 눌러주세요 :
https://www.youtube.com/channel/UCx2wsaHf6aF878uBAKA4KJQ/join

DPI: 1000  보고율: 1000 마우스감도: -3~20(무기에 따라 변경)
해상도: 800600 종횡비, 와이드
모니터: 벤큐 XL2411P,  LG HDR WQHD
그래픽카드: NVVIDIA GeForce RTX 2060
키보드: 로지텍 PRO X TKL, G512 카본 GX BLUE
마우스: 로지텍 지슈라(PRO SUPER LIGHT), 인옵, 로지텍 G502 HERO 
헤드폰: 로지텍  G PRO X 무선헤드셋, NOX 블랙홀 게이밍 유선 헤드셋, SHOKZ 골전도 헤드셋, 밥쇽 4D 






#송하영 #핑크솔루션 #고민시 #서든최적화 #사령관 #여자아이들 #크로마키 #근접무기공적 #좌우탄 #이다혜 #조연주 #개근어택 #로얄12셋 #버닝 #간판타기 #삼바리 #RA-PDW #무빙 #에어트랙볼마우스 #시즌3 #로얄9세트 #콤보칼 #트랙볼마우스 #공격샷 #수비샷 #고정관념깨기 #마이건마트 #고감도 #버티컬마우스 #카직스소음기 #카툰캐릭터 #김미루 #시그착검 #노&마 #외모지상주의 #타지옥 #204호 #멘탈강화 #인페르노 #최애캐릭터 #TSR #연막저격총 #프리에임 #로얄마이건 #100렙ak47 #노블100렙 #착검노블100렙 #월남스키부대 #최민태 #행행 #노블AK47착검 #강승산 #둘기둘기 #슉맨 #멩밍이 #갓주일 킥스나 #레일리 #얼음스나 #최애총 #최애라이플 #미션 #3보급개인전 #행님존 #클랜아지트 #브라더 #클랜vip #뉴익스 #인옵 #조이스케이트 #로얄엠포 #도망자 #생존모드 #다이너마트 #클랜랭크전 #더블삼권 #노바 #클랜랭크전 #예지 #QCK헤비 #장패드 #매쉬방석 #골전도헤드폰 #버티컬마우스 #녹스헤드셋 #행님스나와오른팔들 #맴버십 #모니터암 #사운드플레이 #신세경 #송하영 #로지텍헤드폰 #103착검럼블 #프로미스나인 #고사리더블 #GSR #서든어택캐릭터추천 #라이플피지컬 #블킹으로상탄관리 #광역스캔법 #손캠 #부사령관 #특급중장 #군단장 #전진스나  #클랜전 #근접무기 #위폭 #커스텀무기 #스나잡기술 #총던지기 #g680 #로지텍 #마우스패드 #로지텍마우스패드 #손캠 #노폭전 #로얄에땁 #틱 #미니맵보기 #sp벌기 #플리마켓 #DSG12 #대사기 #메카닉 #ANR #미니맵 #노블에땁 #노솜기 #럼블고사리 #gsr #50렙 #로지텍마우스 #고사리 #고사리럼블 #럼블3세트 #럼블폭 #랭크전 #더블시그 #시그 #나삼사 #럼블나삼사 #2023파이널시즌 #행님라플 #서든부캐 #저녁방송 #랭크전 #듀오 #더블12세트 #더블12세트50렙 # nmixx #특별시즌 #사이가더블 #개선서버 #붐윈체스터 #레버넌트아킴보 #마이건마트 #TRG #마크12 #마크12럼블 #만렙 #50렙 #3보급 #쌉드립 #비매너 #일요일 #마크12 #마크12럼블 #사이가 #사이가더블#마우스감도 #마우스감도무조건낮춰 #디씨인사이드 #서든어택갤러리  #무빙 #랟크전 #피스메이커#한글날 #깔맞춤 #민속촌이벤트 #민속촌블루 #민속촌블루스나 #민속촌블루폭 #더블12세트#캐릭터 #무기 #컬렉션북 #레버넌트 #MAR-200 #P90_V2 #GSR-6 #더블9세트 #윈체스터더블#파마스 #더블 #파마스더블 #50레벨 #에땁 #삼권  #행님라플 #이지서버 #피지컬  #밤에안자고 #서든어택18주년 #행님스나 #행님라플 #클랜전 #마이건마트 #더블 #더블3세트#서든어택 #실시간방송 #민속촌 #A보급창고 #듀오 #실시간게임방송#명랑서든 #명랑서든클랜
This stream is created with #PRISMLiveStudio",2025-01-02T18:46:42Z,UCx2wsaHf6aF878uBAKA4KJQ,행님스나,서든어택,20,https://i.ytimg.com/vi/gbPXcpBRJRw/hqdefault.jpg,,PT1H10M,4200,01:10:00,2d,hd,false,True,public,False,703,3,2,1540,854050,1126,2022-09-26T23:48:21.326288Z,ko
2025-06-02,서든,_pKNB9mBy-A,서든어택 행님스나 353편 1월 1일이 생일인 나?!! ㅋㅋ,"2025년 새해가 밝았습니다.
1월 1일... ㅋㅋㅋ 제 생일입니다. 
ㅋㅋㅋ  


서든어택 최적화 ""핑크솔루션"": 
https://blog.naver.com/hokap123 

유료 맴버십 가입은 아래를 눌러주세요 :
https://www.youtube.com/channel/UCx2wsaHf6aF878uBAKA4KJQ/join

DPI: 1000  보고율: 1000 마우스감도: -3~20(무기에 따라 변경)
해상도: 800600 종횡비, 와이드
모니터: 벤큐 XL2411P,  LG HDR WQHD
그래픽카드: NVVIDIA GeForce RTX 2060
키보드: 로지텍 PRO X TKL, G512 카본 GX BLUE
마우스: 로지텍 지슈라(PRO SUPER LIGHT), 인옵, 로지텍 G502 HERO 
헤드폰: 로지텍  G PRO X 무선헤드셋, NOX 블랙홀 게이밍 유선 헤드셋, SHOKZ 골전도 헤드셋, 밥쇽 4D 






#핑크솔루션 #고민시 #서든최적화 #사령관 #여자아이들 #크로마키 #근접무기공적 #좌우탄 #이다혜 #조연주 #개근어택 #로얄12셋 #버닝 #간판타기 #삼바리 #RA-PDW #무빙 #에어트랙볼마우스 #시즌3 #로얄9세트 #콤보칼 #트랙볼마우스 #공격샷 #수비샷 #고정관념깨기 #마이건마트 #고감도 #버티컬마우스 #카직스소음기 #카툰캐릭터 #김미루 #시그착검 #노&마 #외모지상주의 #타지옥 #204호 #멘탈강화 #인페르노 #최애캐릭터 #TSR #연막저격총 #프리에임 #로얄마이건 #100렙ak47 #노블100렙 #착검노블100렙 #월남스키부대 #최민태 #행행 #노블AK47착검 #강승산 #둘기둘기 #슉맨 #멩밍이 #갓주일 킥스나 #레일리 #얼음스나 #최애총 #최애라이플 #미션 #3보급개인전 #행님존 #클랜아지트 #브라더 #클랜vip #뉴익스 #인옵 #조이스케이트 #로얄엠포 #도망자 #생존모드 #다이너마트 #클랜랭크전 #더블삼권 #노바 #클랜랭크전 #예지 #QCK헤비 #장패드 #매쉬방석 #골전도헤드폰 #버티컬마우스 #녹스헤드셋 #행님스나와오른팔들 #맴버십 #모니터암 #사운드플레이 #신세경 #송하영 #로지텍헤드폰 #103착검럼블 #프로미스나인 #고사리더블 #GSR #서든어택캐릭터추천 #라이플피지컬 #블킹으로상탄관리 #광역스캔법 #손캠 #부사령관 #특급중장 #군단장 #전진스나  #클랜전 #근접무기 #위폭 #커스텀무기 #스나잡기술 #총던지기 #g680 #로지텍 #마우스패드 #로지텍마우스패드 #손캠 #노폭전 #로얄에땁 #틱 #미니맵보기 #sp벌기 #플리마켓 #DSG12 #대사기 #메카닉 #ANR #미니맵 #노블에땁 #노솜기 #럼블고사리 #gsr #50렙 #로지텍마우스 #고사리 #고사리럼블 #럼블3세트 #럼블폭 #랭크전 #더블시그 #시그 #나삼사 #럼블나삼사 #2023파이널시즌 #행님라플 #서든부캐 #저녁방송 #랭크전 #듀오 #더블12세트 #더블12세트50렙 # nmixx #특별시즌 #사이가더블 #개선서버 #붐윈체스터 #레버넌트아킴보 #마이건마트 #TRG #마크12 #마크12럼블 #만렙 #50렙 #3보급 #쌉드립 #비매너 #일요일 #마크12 #마크12럼블 #사이가 #사이가더블#마우스감도 #마우스감도무조건낮춰 #디씨인사이드 #서든어택갤러리  #무빙 #랟크전 #피스메이커#한글날 #깔맞춤 #민속촌이벤트 #민속촌블루 #민속촌블루스나 #민속촌블루폭 #더블12세트#캐릭터 #무기 #컬렉션북 #레버넌트 #MAR-200 #P90_V2 #GSR-6 #더블9세트 #윈체스터더블#파마스 #더블 #파마스더블 #50레벨 #에땁 #삼권  #행님라플 #이지서버 #피지컬  #밤에안자고 #서든어택18주년 #행님스나 #행님라플 #클랜전 #마이건마트 #더블 #더블3세트#서든어택 #실시간방송 #민속촌 #A보급창고 #듀오 #실시간게임방송#명랑서든 #명랑서든클랜
This stream is created with #PRISMLiveStudio",2025-01-01T18:05:58Z,UCx2wsaHf6aF878uBAKA4KJQ,행님스나,서든어택,20,https://i.ytimg.com/vi/_pKNB9mBy-A/hqdefault.jpg,,PT21M10S,1270,21:10,2d,hd,false,True,public,False,678,2,2,1540,854050,1126,2022-09-26T23:48:21.326288Z,none
2025-06-02,서든,D3UqmZYTNms,샷오바장인 새복많 서든어택 랭크전,샷오바장인 시참파랭 질문환영 서든어택 랭크전,2025-01-02T20:25:10Z,UCohwJbmCXL-7gP4FJgzZAoQ,샷오바장인,"서든어택, 서든, 랭크전",20,https://i.ytimg.com/vi/D3UqmZYTNms/hqdefault.jpg,,PT1H56M53S,7013,01:56:53,2d,hd,false,False,public,False,117,5,2,5740,22802271,937,2023-03-04T14:31:38.586653Z,none
2025-06-02,서든,GSwWkkGKM-E,2025-01-01 서든어택 EXIT 2인 플레이~ (음성),,2025-01-01T14:32:13Z,UCs1LDD5FzKEUnzBJYhoXumQ,JDH피스록맨,,20,https://i.ytimg.com/vi/GSwWkkGKM-E/hqdefault.jpg,,PT53M41S,3221,53:41,2d,hd,false,False,public,False,28,0,0,1000,850988,3271,2011-11-15T14:56:26Z,none
2025-06-02,서든,wAhcwi1vTrk,스타크래프트 빠른무한 챠레식 (25.01.03 평일 저녁 방송) 새해복많이받으세요~,"아프리카 티비에서도 시작했습니다~ 많은 관심 부탁드려요!
스타&서든어택&배틀그라운드 즐겜해볼게요! 구독 좋아요 알람 부탁드립니다!
합방, 시청자 참여 기다리고 있겠습니다!
#스타크래프트 #빠른무한 #빨무 #서든어택 #배틀그라운드

아프리카티비 - 챠레식 검색!

후원 투네이션
https://toon.at/donate/youtube_resik",2025-01-03T15:12:39Z,UC6NNikQeIvn_YmnDkNQ-GEw,챠레식,,20,https://i.ytimg.com/vi/wAhcwi1vTrk/hqdefault.jpg,,PT1H26M42S,5202,01:26:42,2d,hd,false,False,public,False,15,0,0,668,497011,1223,2021-04-11T12:49:42.943443Z,none
2025-06-02,서든,VYWcI_tmWVc,[넥슨 사이퍼즈] 공식전 탱커 플레이(SOOP아프리카 티비 라이브 다시보기 영상)(샷건 주의!!),#브론즈구간 #게임 #넥슨 #발로란트 #빡겜 #모바일게임 #서든어택 #서든어택랭크전 #gaming #배그 #사이퍼즈,2025-01-01T14:08:58Z,UCw69Io_rwN1BjHzyV7BRKpw,"BJ大韓白金(SOOP아프리카티비,치지직)",,20,https://i.ytimg.com/vi/VYWcI_tmWVc/hqdefault.jpg,,PT21M4S,1264,21:04,2d,hd,false,False,public,False,129,2,0,21,52188,219,2024-06-13T05:38:09.090682Z,none
2025-06-02,서든,5i5g6yUkY_4,위폭 마스터가 알려주는 랭크전의 모든위폭 [드곤프방편] 【Part. 6-1】,"#서든  #서든어택   #서든랭크전 #우니 #혀반샷우니


아프리카 생방송: https://bj.afreecatv.com/wjsqudtn9

우니PC 구매문의⭐️
다나와보다 저렴한 글로리PC 견적문의 ☞ https://pf.kakao.com/_ZvlQG

최적화는 글로리솔루션⭐️
PC 최적화(렉,프레임,밀림현상) 고객만족도 1위 ☞ http://pf.kakao.com/_dUAIb

디자인은 솜디자인⭐️
https://pf.kakao.com/_CExbfxj

[BGM 정보]
- Kevin MacLeod의 크리에이티브 커먼즈 저작자 표시 4.0 라이선스가 적용됩니다. https://creativecommons.org/licenses/...
출처: http://incompetech.com/music/royalty-...
아티스트: http://incompetech.com/
   
 ⬇아웃트로:서든어택 트레일러 THE LAST BULLET ⬇
  

 • 서든어택 트레일러 THE LAST BULLET  
   아웃트로 BGM: neffex-desperate
BGM 출처
-브금 대통령",2025-01-06T02:00:03Z,UCEJ_pyt0teFB9ajxoT5V0Vg,혀반샷우니,,20,https://i.ytimg.com/vi/5i5g6yUkY_4/hqdefault.jpg,,PT37M3S,2223,37:03,2d,hd,false,True,public,False,10086,169,58,11000,10506147,604,2016-08-24T17:10:10Z,ko
2025-06-02,서든,h67szWic9Ck,"태디와의 두 번째 토크, 서든어택의 얼굴들 | 태디톡 2화 | 서든어택","24년을 돌아보고, 25년을 맞이할 시간, 서든을 빛내준 서든러를 소개합니다!
태디톡 2화 시청하고, 깜짝 선물도 받아가세요!
============================================================
쾌감 원샷! 지금 바로 서든어택을 플레이하세요!
👉 다운로드 홈페이지 : https://sa.nexon.com
👉 페이스북 : https://www.facebook.com/SuddenAttack.Korea
============================================================
#서든 #태디톡 #2화 #확률형아이템포함",2025-01-06T09:00:44Z,UCMJhnmKJ6xwRIFL1ZFb9QrA,서든어택,"서든어택, 서든, sudden attack",20,https://i.ytimg.com/vi/h67szWic9Ck/hqdefault.jpg,,PT24M27S,1467,24:27,2d,hd,false,True,public,False,31934,99,136,195000,169514355,2427,2013-06-13T02:16:35Z,ko
2025-06-02,서든,per3Ym_aO3U,"서든 ""MP-X3"" 개사기",,2025-01-05T02:35:50Z,UC75JWX1lCXh0YB98Cqq3p-Q,강나루,,20,https://i.ytimg.com/vi/per3Ym_aO3U/hqdefault.jpg,,PT41M17S,2477,41:17,2d,hd,false,False,public,False,674,1,0,5,5407,9,2025-01-05T02:19:58.357326Z,ko
2025-06-02,서든,K2YK2KZiSYA,ㅇㅎ&ㅂㅇ&ㅈㅇ 서든어택 랭크전 part.5,,2025-01-05T22:37:19Z,UCd4cmSb2VMGccz-P5vOyOIQ,도촌TV,,20,https://i.ytimg.com/vi/K2YK2KZiSYA/hqdefault.jpg,,PT1H7M48S,4068,01:07:48,2d,hd,false,False,public,False,6,0,0,18,800,135,2014-01-04T17:29:49Z,ko
2025-06-02,서든,iWz7EziN818,ㅇㅎ&ㅂㅇ&ㅈㅇ 서든어택 랭크전 part.4,,2025-01-05T00:17:53Z,UCd4cmSb2VMGccz-P5vOyOIQ,도촌TV,,20,https://i.ytimg.com/vi/iWz7EziN818/hqdefault.jpg,,PT1H33M57S,5637,01:33:57,2d,hd,false,False,public,False,4,0,0,18,800,135,2014-01-04T17:29:49Z,none
2025-06-02,서든,nTWaiWDYvxc,"서든어택 행님스나 357편 위플도우미 세팅을 테스트 합니다. 그러다 제 사칭 ""참다행이야~"" 이사람이 헁님스나 위닉으로 이상한 짓을 하고 다녀요 ㅠㅠ","위플도우미로 세팅을 했어요
테스트 영상이니 안보셔도 됩니다.
테스트 하고 있는데 이런 상황이 생겼어요 ㅠㅠ


서든어택 최적화 ""핑크솔루션"": 
https://blog.naver.com/hokap123 

유료 맴버십 가입은 아래를 눌러주세요 :
https://www.youtube.com/channel/UCx2wsaHf6aF878uBAKA4KJQ/join

DPI: 1000  보고율: 1000 마우스감도: -3~20(무기에 따라 변경)
해상도: 800600 종횡비, 와이드
모니터: 벤큐 XL2411P,  LG HDR WQHD
그래픽카드: NVVIDIA GeForce RTX 2060
키보드: 로지텍 PRO X TKL, G512 카본 GX BLUE
마우스: 로지텍 지슈라(PRO SUPER LIGHT), 인옵, 로지텍 G502 HERO 
헤드폰: 로지텍  G PRO X 무선헤드셋, NOX 블랙홀 게이밍 유선 헤드셋, SHOKZ 골전도 헤드셋, 밥쇽 4D 






#송하영 #핑크솔루션 #고민시 #서든최적화 #사령관 #여자아이들 #크로마키 #근접무기공적 #좌우탄 #이다혜 #조연주 #개근어택 #로얄12셋 #버닝 #간판타기 #삼바리 #RA-PDW #무빙 #에어트랙볼마우스 #시즌3 #로얄9세트 #콤보칼 #트랙볼마우스 #공격샷 #수비샷 #고정관념깨기 #마이건마트 #고감도 #버티컬마우스 #카직스소음기 #카툰캐릭터 #김미루 #시그착검 #노&마 #외모지상주의 #타지옥 #204호 #멘탈강화 #인페르노 #최애캐릭터 #TSR #연막저격총 #프리에임 #로얄마이건 #100렙ak47 #노블100렙 #착검노블100렙 #월남스키부대 #최민태 #행행 #노블AK47착검 #강승산 #둘기둘기 #슉맨 #멩밍이 #갓주일 킥스나 #레일리 #얼음스나 #최애총 #최애라이플 #미션 #3보급개인전 #행님존 #클랜아지트 #브라더 #클랜vip #뉴익스 #인옵 #조이스케이트 #로얄엠포 #도망자 #생존모드 #다이너마트 #클랜랭크전 #더블삼권 #노바 #클랜랭크전 #예지 #QCK헤비 #장패드 #매쉬방석 #골전도헤드폰 #버티컬마우스 #녹스헤드셋 #행님스나와오른팔들 #맴버십 #모니터암 #사운드플레이 #신세경 #송하영 #로지텍헤드폰 #103착검럼블 #프로미스나인 #고사리더블 #GSR #서든어택캐릭터추천 #라이플피지컬 #블킹으로상탄관리 #광역스캔법 #손캠 #부사령관 #특급중장 #군단장 #전진스나  #클랜전 #근접무기 #위폭 #커스텀무기 #스나잡기술 #총던지기 #g680 #로지텍 #마우스패드 #로지텍마우스패드 #손캠 #노폭전 #로얄에땁 #틱 #미니맵보기 #sp벌기 #플리마켓 #DSG12 #대사기 #메카닉 #ANR #미니맵 #노블에땁 #노솜기 #럼블고사리 #gsr #50렙 #로지텍마우스 #고사리 #고사리럼블 #럼블3세트 #럼블폭 #랭크전 #더블시그 #시그 #나삼사 #럼블나삼사 #2023파이널시즌 #행님라플 #서든부캐 #저녁방송 #랭크전 #듀오 #더블12세트 #더블12세트50렙 # nmixx #특별시즌 #사이가더블 #개선서버 #붐윈체스터 #레버넌트아킴보 #마이건마트 #TRG #마크12 #마크12럼블 #만렙 #50렙 #3보급 #쌉드립 #비매너 #일요일 #마크12 #마크12럼블 #사이가 #사이가더블#마우스감도 #마우스감도무조건낮춰 #디씨인사이드 #서든어택갤러리  #무빙 #랟크전 #피스메이커#한글날 #깔맞춤 #민속촌이벤트 #민속촌블루 #민속촌블루스나 #민속촌블루폭 #더블12세트#캐릭터 #무기 #컬렉션북 #레버넌트 #MAR-200 #P90_V2 #GSR-6 #더블9세트 #윈체스터더블#파마스 #더블 #파마스더블 #50레벨 #에땁 #삼권  #행님라플 #이지서버 #피지컬  #밤에안자고 #서든어택18주년 #행님스나 #행님라플 #클랜전 #마이건마트 #더블 #더블3세트#서든어택 #실시간방송 #민속촌 #A보급창고 #듀오 #실시간게임방송#명랑서든 #명랑서든클랜
This stream is created with #PRISMLiveStudio",2025-01-04T09:56:12Z,UCx2wsaHf6aF878uBAKA4KJQ,행님스나,서든어택,20,https://i.ytimg.com/vi/nTWaiWDYvxc/hqdefault.jpg,,PT53M8S,3188,53:08,2d,hd,false,False,public,False,311,2,0,1540,854050,1126,2022-09-26T23:48:21.326288Z,none
2025-06-02,서든,qrbMZgqmIn0,서든어택 뉴비 1일차 오빠들 서든 알려주세용,서든어택,2025-01-04T18:45:52Z,UCOl5VVSV4sRhqoY7ihNdu2g,한검잉,,20,https://i.ytimg.com/vi/qrbMZgqmIn0/hqdefault.jpg,,PT1H41M6S,6066,01:41:06,2d,hd,false,False,public,False,57,0,0,5,2110,31,2022-11-08T15:16:35.915762Z,none
2025-06-02,서든,bGjJSbOnMAw,서든] grim] 텟생] 대룰내전 새싹 클랜텟(12.12) - 11,"#서든 #서든어택 #혀반샷우니 #우니 #팬클 #대내 #삼보 #클랭 #랭크전 #grim
대룰내전 새싹 클랜텟(12.12)-11",2025-01-06T01:28:15Z,UCFKzC07XfC42RaZfFt4peaw,서든청집사,,20,https://i.ytimg.com/vi/bGjJSbOnMAw/hqdefault.jpg,,PT1H39M,5940,01:39:00,2d,hd,false,False,public,False,6,0,0,7,1071,191,2024-11-12T23:44:33.734408Z,ko
2025-06-02,서든,k3A0eakS-fo,"2025-01-04 서든어택 공룡 모드 플레이, 6웨이브에서 시작~~",,2025-01-04T14:57:47Z,UCs1LDD5FzKEUnzBJYhoXumQ,JDH피스록맨,,20,https://i.ytimg.com/vi/k3A0eakS-fo/hqdefault.jpg,,PT1H56M50S,7010,01:56:50,2d,hd,false,False,public,False,22,0,0,1000,850988,3271,2011-11-15T14:56:26Z,none
2025-06-02,서든,_OtyHP5Cizk,Sudden Attack (Korean: 서든어택) #8,"Sudden Attack (Korean: 서든어택) is a free-to-play multiplayer first-person shooter online game developed by the South Korean company GameHi. The North American service for Sudden Attack was terminated on January 29, 2014. A sequel, Sudden Attack 2, was launched in 2016. By June 2020, the game had over 23 million registered users worldwide and grossed over $500 million in lifetime revenue.[1] By December 2021, the game grossed over $600 million.[2]",2025-01-06T04:39:07Z,UCrG6ny5eoyq0xI3-fSYQzIQ,HUK GAMES,,20,https://i.ytimg.com/vi/_OtyHP5Cizk/hqdefault.jpg,,PT31M35S,1895,31:35,2d,hd,false,False,public,False,17,0,0,30,2753,193,2019-12-01T15:44:04.322801Z,none
2025-06-02,서든,2f-U3tgiM8k,스타크래프트 빠른무한 챠레식 (25.01.05 주말 오후 방송) 오늘도 열심히!,"아프리카 티비에서도 시작했습니다~ 많은 관심 부탁드려요!
스타&서든어택&배틀그라운드 즐겜해볼게요! 구독 좋아요 알람 부탁드립니다!
합방, 시청자 참여 기다리고 있겠습니다!
#스타크래프트 #빠른무한 #빨무 #서든어택 #배틀그라운드

아프리카티비 - 챠레식 검색!

후원 투네이션
https://toon.at/donate/youtube_resik",2025-01-05T21:12:01Z,UC6NNikQeIvn_YmnDkNQ-GEw,챠레식,,20,https://i.ytimg.com/vi/2f-U3tgiM8k/hqdefault.jpg,,PT1H54M10S,6850,01:54:10,2d,hd,false,False,public,False,11,1,0,668,497011,1223,2021-04-11T12:49:42.943443Z,none
2025-06-02,서든,krEM_wKmlf0,"[검은사막]-다시보기 ㅣ1/3 연구소ㅣ프리오네 신규생활 악세 , 생활도구ㅣ[BDO] New PREONNE Accessories & New Life Skill Tools","2025.1.3.금
검은사막 연구소, 다시보기

프리오네 신규생활악세
신규 생활 도구
생활 숙련도 최대 3000까지
어디서든 길드 아이템을 꺼낼 수 있음

------------------------------------------------------------------------------------------------
유튜브 구독, 좋아요, 댓글 감사합니다!
치지직 생방송 :  https://chzzk.naver.com/a6ff44bbcd14bc5586e1e3ca70ebc279
------------------------------------------------------------------------------------------------

#검은사막 #연구소 #프리오네악세사리 #신규생활악세 #신규생활도구 #생활숙련도3000 #bdo #blackdesert #preonneaccessories #newlifeskilltools",2025-01-06T07:00:22Z,UCIPqhz-GXXAQE9Nt359oqmg,김하린,,20,https://i.ytimg.com/vi/krEM_wKmlf0/hqdefault.jpg,,PT21M49S,1309,21:49,2d,hd,false,False,public,False,436,8,0,1180,157382,415,2023-01-12T05:21:22.772051Z,ko
2025-06-02,FC온라인,2oYeeq2jQaE,[피파2003] 고전게임 엑스박스판 EA 축구 게임 대한민국 VS 호주_FIFA 2003 XBOX Korea vs  Australia Gameplay,"힛맨TV 구독하기 : https://bit.ly/3qT8rxZ
하위호환 플레이입니다 무슨 문제인지 모르겠는데 이 게임할때 잡음이 좀 있네요 양해 바랍니다

#피파2003 #fifa2003 #ea",2025-01-01T13:35:54Z,UCMe5EJBf7mrt7z16FHwrYBA,힛맨🅥,"게임, 프로레슬링, 오버워치, GTA5, 카트라이더, 철권, 배틀필드, 고전게임, 배틀그라운드, 게임방송, 콜오브듀티, 마메, 오락실게임, 오락실, 먹방, WWE, WCW, TNA, 스팀, game, overwatch, kartrider, tekken, KOF, campcom, kof, snk, steam, pubg, battleground, battlefield, fortnite, biohazard, 공포게임, mame, lol, hos, 스팀게임, callofduty, tekken7, 힛맨TV, 레인보우식스시즈, 레인보우식스, 플스3, 플스4, 플스게임, 플스3게임, 플스4게임, 소통방송, PS4, PS3, PS2, PS1, PS, 플스1, 플스2, 레식시즈, Rainbowsix, Rainbowsix Siege, Rainbowsix Siege Highlight, 레식 오퍼레이터, FPS, 고전 FPS, 고전FPS, 피파 2003, 피파, fifa, fifa game, fifa 2003, 피파 축구 게임, 피파 게임, 이영표, 김태영, 최성국, xbox, xbox fifa",20,https://i.ytimg.com/vi/2oYeeq2jQaE/hqdefault.jpg,,PT23M15S,1395,23:15,2d,hd,false,False,public,False,39,4,2,1570,955329,1963,2011-01-22T09:17:46Z,ko
2025-06-02,FC온라인,FIob0d2KHzE,[피파10] 엑스박스360판 EA 축구 게임 대한민국 VS 호주_FIFA 2003 XBOX Korea vs Australia Gameplay,"힛맨TV 구독하기 : https://bit.ly/3qT8rxZ
국대도 있고 K리그도 있고 게임자체도 꽤 명작인듯한 피파 10입니다 

#피파10 #fifa10 #ea",2025-01-01T14:39:00Z,UCMe5EJBf7mrt7z16FHwrYBA,힛맨🅥,"게임, 프로레슬링, 오버워치, GTA5, 카트라이더, 철권, 배틀필드, 고전게임, 배틀그라운드, 게임방송, 콜오브듀티, 마메, 오락실게임, 오락실, 먹방, WWE, WCW, TNA, 스팀, game, overwatch, kartrider, tekken, KOF, campcom, kof, snk, steam, pubg, battleground, battlefield, fortnite, biohazard, 공포게임, mame, lol, hos, 스팀게임, callofduty, tekken7, 힛맨TV, 레인보우식스시즈, 레인보우식스, 플스3, 플스4, 플스게임, 플스3게임, 플스4게임, 소통방송, PS4, PS3, PS2, PS1, PS, 플스1, 플스2, 레식시즈, Rainbowsix, Rainbowsix Siege, Rainbowsix Siege Highlight, 레식 오퍼레이터, FPS, 고전 FPS, 고전FPS, 피파10, 피파, fifa 10, 호주, 대한민국, 국대, 피파 게임, 피파 축구 게임, 피파 ea, ea fifa, EA 피파 게임",20,https://i.ytimg.com/vi/FIob0d2KHzE/hqdefault.jpg,,PT33M28S,2008,33:28,2d,hd,false,False,public,False,30,4,2,1570,955329,1963,2011-01-22T09:17:46Z,ko
2025-06-02,FC온라인,F9nA4bybdYc,[#fc온라인] 수원삼성은 24년 이렇게 경기 했습니다! #피파4,"24년 수원삼성 플레이스타일 : https://youtu.be/TSDrOwdzfcE

#fc온라인#피파온라인4#전술#전피케#K리그#스쿼드#2025#2024년#24년#풀영상#수원#삼성#수원삼성#수원삼성블루윙즈

안녕하세요, 실축전술을 게임속에 담아내는 [전피케:전술가+fc온라인+K리그] 입니다!

제가 올리는 영상은 실축을 그대로 재연하는 전술영상입니다

이점 참고하시어, 실제 축구의 전술을 사용해보고 싶은 분들께 추천합니다!

비즈니스 문의는
jeonpique@gmail.com 로 연락주세요!

원하시는 스케줄이 있다면

1. 카톡 플러스친구 ' 전피케 '
2. 인스타그램 ' 전피케 ' 또는 ' jeonpique '
3. 보고 계시는 영상에 댓글

로 신청해주세요!

많은 관심 부탁드립니다!",2025-01-03T13:00:27Z,UCXH8KEcEj3zYAW6mbgHV4kA,[전피케:전술가+FC온라인+K리그],,20,https://i.ytimg.com/vi/F9nA4bybdYc/hqdefault.jpg,ko,PT50M4S,3004,50:04,2d,hd,false,True,public,False,72,3,0,1690,1259167,2464,2022-09-01T13:43:34.309069Z,en
2025-06-02,FC온라인,T6NoNeEUXcM,[25 뿌챔스 프리뷰] 총 구단가치 '3경 5000조' 역대급 32개 팀 지금 공개합니다,"뿌꾸가 쓰는 키보드는? https://link.coupang.com/a/b4sM13             

No.1 FC온라인 두치와뿌꾸 방송입니다. 
구독과 좋아요가 뿌꾸에게 큰 힘이 됩니다! 사랑합니다!
Duchi and Bbuggu channel subscribe please!

광고,스폰문의 : ate8282@naver.com
매일 저녁 10시 생방시작!낮방 랜덤!

두치와 뿌꾸 SOOP  : https://ch.sooplive.co.kr/galsa
두치와 뿌꾸 Youtube : https://www.youtube.com/user/galsa11
두치와 뿌꾸 facebook : https://m.facebook.com/taeeun.ahn.33
두치와 뿌꾸 인스타그램 : https://www.instagram.com/taeeuna
두치와 뿌꾸 틱톡:https://www.tiktok.com/@galsa11
CW이벤트   팬페이지  : https://crazywin.kr
#뿌챔스 #프리뷰 #팀소개 #두치와뿌꾸 #FC #FC온라인 #피파4 #피파온라인4",2025-01-05T06:00:27Z,UCl402YYy7RcH7PBI3npmGPQ,두치와뿌꾸,"피파, 축구, fc온라인, fc",20,https://i.ytimg.com/vi/T6NoNeEUXcM/hqdefault.jpg,,PT1H15M11S,4511,01:15:11,2d,hd,false,True,public,False,188648,1280,232,865000,2174703275,18554,2014-09-21T08:07:33Z,ko
2025-06-02,FC온라인,qNZKRMIJM5c,FC25 몇명이 퇴장 당하면 몰수패인가? #ea #피파 #축구 #football #soccer #몰수패 #옐로카드 #레드카드,"FC25 
몇명이 퇴장 당하면 몰수패인가?
고의파울로 계속 카드 유도했습니다. 
몰수패에 대한 한글해설도 잘 해주네요. 
이번 한글해설 다양한 상황에 대한 다양한 해설이 나와서 좋습니다.



 #ea  #피파 #축구 #football #soccer #몰수패 #옐로카드 #레드카드",2025-01-04T10:05:08Z,UCiMvzQlZwMavch4S32U8yKw,만복이의 3ds Max,"fc, fc25, 축구, soccer, football, 몰수패, 한글해설, 라이벌",20,https://i.ytimg.com/vi/qNZKRMIJM5c/hqdefault.jpg,ko,PT23M31S,1411,23:31,2d,hd,false,False,public,False,78,2,0,87,71140,269,2008-01-10T14:00:51Z,ko
2025-06-02,FC온라인,IiRtwziP-lA,피파 프로클럽 전술적 상성론.,,2025-01-05T12:43:45Z,UCSKc-v2hyo9ZX2-5NQ3qeMw,E GIL,,20,https://i.ytimg.com/vi/IiRtwziP-lA/hqdefault.jpg,,PT28M53S,1733,28:53,2d,hd,false,False,public,False,154,0,0,382,150371,260,2009-08-30T17:12:24Z,none
2025-06-02,FC온라인,5hfOcj-k6fQ,[25 뿌챔스 프리뷰] 32명 드디어 공개합니다! 이상호 김민교 클리드 뉴페이스 등장?!,"★뿌챔스 많관부★

뿌꾸가 쓰는 키보드는? https://link.coupang.com/a/b4sM13             

No.1 FC온라인 두치와뿌꾸 방송입니다. 
구독과 좋아요가 뿌꾸에게 큰 힘이 됩니다! 사랑합니다!
Duchi and Bbuggu channel subscribe please!

광고,스폰문의 : ate8282@naver.com
매일 저녁 10시 생방시작!낮방 랜덤!

두치와 뿌꾸 SOOP  : https://ch.sooplive.co.kr/galsa
두치와 뿌꾸 Youtube : https://www.youtube.com/user/galsa11
두치와 뿌꾸 facebook : https://m.facebook.com/taeeun.ahn.33
두치와 뿌꾸 인스타그램 : https://www.instagram.com/taeeuna
두치와 뿌꾸 틱톡:https://www.tiktok.com/@galsa11
CW이벤트   팬페이지  : https://crazywin.kr
#뿌챔스 #프리뷰 #선수소개 #두치와뿌꾸 #FC #FC온라인 #피파4 #피파온라인4",2025-01-05T03:00:08Z,UCl402YYy7RcH7PBI3npmGPQ,두치와뿌꾸,"피파, 축구, fc온라인, fc",20,https://i.ytimg.com/vi/5hfOcj-k6fQ/hqdefault.jpg,,PT50M32S,3032,50:32,2d,hd,false,True,public,False,78342,616,255,865000,2174703275,18554,2014-09-21T08:07:33Z,ko
2025-06-02,FC온라인,bOU_hEr8mP4,김주멘z님의 fc온라인대한민본캐 오랜만에 스쿼드,This stream is created with #PRISMLiveStudio,2025-01-05T15:36:27Z,UCjhHxsmnnLcmhF5y9hVJAqQ,김주멘z,,20,https://i.ytimg.com/vi/bOU_hEr8mP4/hqdefault.jpg,,PT1H52M36S,6756,01:52:36,2d,hd,false,False,public,False,5,0,0,198,87548,453,2014-02-28T07:38:11Z,none
2025-06-02,배틀그라운드,2J27kM4q0Yw,시작하자마자 몰래 따라가봤습니다,"재밌게 시청하셨다면
'구독' 과 '좋아요' 부탁드릴게요!

∞편집 - 그로밋

∞치지직 방송 - https://chzzk.naver.com/a07f0b18426abd609b4a8916c85546c1
∞인스타그램 - https://www.instagram.com/12zucchini

∞문의 - zucchinitv@sandboxnetwork.net

출처: http://incompetech.com/music/royalty-free/index.html?isrc=USUAN1200102
아티스트: http://incompetech.com/

출처: http://incompetech.com/music/royalty-free/index.html?isrc=USUAN1100646
아티스트: http://incompetech.com/",2025-01-01T10:30:01Z,UCZ-UuK86Bk5sGzQQ2cEglJQ,주키니TV,"배그, 배틀그라운드, 배그 총, 주키니, 배그 솔로, PUBG, pubg, 배그 어그, 배그 잘하는법, 배그 DBS",20,https://i.ytimg.com/vi/2J27kM4q0Yw/hqdefault.jpg,ko,PT23M53S,1433,23:53,2d,hd,false,True,public,False,285427,3242,186,738000,631316920,1489,2017-07-25T08:12:25Z,ko
2025-06-02,배틀그라운드,evDIST_GakU,펌프 샷건 분명 너프됐는데 왜 좋지? (배그 무편집 풀영상),"안녕하세요 배그 유튜버 "" 안내메시지 "" 입니다

이 채널은 저의 부계정 채널으로 

저의 배그 하이라이트 영상 혹은 종합 게임을 올리는 채널입니다!",2025-01-01T03:00:37Z,UCtTN7gB_2G0-EoLNDnVkRlw,안내메시지 부계정,"배그, 배틀그라운드, 배그 꿀잼영상, 배틀그라운드 웃긴영상, 배그 웃긴영상, 안내메시지, 안내메세지, 배그 하이라이트, 배그 짧은영상, 배틀그라운드 짧은영상, 안내메시지 C4, 배그 C4, 배그 발소리, 배그 공포게임, 배틀그라운드 공포게임",20,https://i.ytimg.com/vi/evDIST_GakU/hqdefault.jpg,ko,PT28M36S,1716,28:36,2d,hd,false,True,public,False,20819,320,28,29400,22905921,392,2018-11-12T17:49:25Z,ko
2025-06-02,배틀그라운드,LuUKUCoEjHs,모두가 잊고 지낸 맵 '데스턴'에서만 나오는 'MP9' (배그 무편집 풀영상),"라이브 방송 : https://chzzk.naver.com/a8413275c3171b4404743683aebbd939
표커 채널 : https://www.youtube.com/@표커",2025-01-01T22:00:19Z,UC7XagOkzFvE4Gm7doMNWqiw,표다방,,20,https://i.ytimg.com/vi/LuUKUCoEjHs/hqdefault.jpg,,PT29M35S,1775,29:35,2d,hd,false,True,public,False,4285,91,8,4170,1822672,826,2022-12-12T19:02:01.384177Z,ko
2025-06-02,배틀그라운드,ljrk9Jso7cM,배그 벌레의 하루,,2025-01-02T23:39:49Z,UCit5HptO12YnIWKMxldqBpg,순간순삭,,20,https://i.ytimg.com/vi/ljrk9Jso7cM/hqdefault.jpg,,PT23M31S,1411,23:31,2d,hd,false,False,public,False,3,0,0,10,47872,30,2024-03-13T02:05:42.794736Z,ko
2025-06-02,배틀그라운드,XRDPjMU8D78,40대아줌마배그경쟁-티어(플레4),,2025-01-02T00:20:31Z,UCjI3CyF3yygaKuGRiZqox5w,"배그하는42살누나니까""럭키핑크쟈냐""",,20,https://i.ytimg.com/vi/XRDPjMU8D78/hqdefault.jpg,,PT53M56S,3236,53:56,2d,hd,false,False,public,False,511,1,0,329,59920,116,2013-10-27T12:49:25Z,ko
2025-06-02,배틀그라운드,NvQ-a4oUMTQ,배그 15레벨의 새해 기념 솔로 치킨 먹기,2025년에도 다들 화이팅!,2025-01-01T09:01:47Z,UCPQRYULpS7wpXqi8y4jKl8Q,참까까 풀영상,,20,https://i.ytimg.com/vi/NvQ-a4oUMTQ/hqdefault.jpg,,PT25M20S,1520,25:20,2d,hd,false,False,public,False,9,0,0,5,286,16,2023-01-13T06:11:12.734838Z,none
2025-06-02,배틀그라운드,zlY4iyQJuUA,25.01.02 한살더먹고 늙어버린 카카오 배그  배린이스쿼드 박살내!,"#배그 #배틀그라운드 #pubg #카카오배그 #스팀배그 #카배 #스배 #게임 #배린이 
#경쟁전 #롤토체스  #더블업 #리그오브레전드 #롤",2025-01-03T03:43:54Z,UC-hd861EPPdR8yFz1VXY90g,뽀로리TV,,20,https://i.ytimg.com/vi/zlY4iyQJuUA/hqdefault.jpg,,PT1H47M33S,6453,01:47:33,2d,hd,false,False,public,False,35,3,0,76,38025,145,2022-06-08T22:06:32.059555Z,none
2025-06-02,배틀그라운드,PqARzbJnmn4,무희티비랑 배그,,2025-01-02T01:49:53Z,UCpG6-0qfqK-0pm5IlbiNaXQ,the덕지,,20,https://i.ytimg.com/vi/PqARzbJnmn4/hqdefault.jpg,,PT1H2M16S,3736,01:02:16,2d,hd,false,False,public,False,11,0,0,32,3948,617,2012-11-24T12:15:11Z,ko
2025-06-02,배틀그라운드,cTuEhFPGHs0,25.01.01 한살더먹고 늙어버린 스팀 배그  듀오 듀쿼드 박살내!,"#배그 #배틀그라운드 #pubg #카카오배그 #스팀배그 #카배 #스배 #게임 #배린이 
#경쟁전 #롤토체스  #더블업 #리그오브레전드 #롤",2025-01-01T06:07:13Z,UC-hd861EPPdR8yFz1VXY90g,뽀로리TV,,20,https://i.ytimg.com/vi/cTuEhFPGHs0/hqdefault.jpg,,PT1H10M50S,4250,01:10:50,2d,hd,false,False,public,False,21,3,0,76,38025,145,2022-06-08T22:06:32.059555Z,ko
2025-06-02,배틀그라운드,5937_r1Wqs8,2024_12_08 배그 추억저장소,,2025-01-02T17:58:09Z,UCJpRmyyKGUmaQ1aHaAZhThQ,치즈,,20,https://i.ytimg.com/vi/5937_r1Wqs8/hqdefault.jpg,,PT24M35S,1475,24:35,2d,hd,false,False,public,False,0,0,0,6,4183,25,2016-08-18T23:01:23Z,ko
2025-06-02,배틀그라운드,X0F0Yig7E1E,[PUBG] 스팀배그 고고,"[PUBG] 스팀배그 고고 
This stream is created with #PRISMLiveStudio",2025-01-03T00:34:13Z,UC5gHJP9Th7y4wHSupEtkNHg,유기프,,20,https://i.ytimg.com/vi/X0F0Yig7E1E/hqdefault.jpg,ko,PT48M46S,2926,48:46,2d,hd,false,False,public,False,15,0,0,214,52045,1270,2018-09-30T13:52:35Z,ko
2025-06-02,배틀그라운드,MLK8h-LQess,배그할거다ㅣ 새해복 많이받으쇼!!,!!!!!!우와!!!!!!!!!!!,2025-01-01T22:27:27Z,UCrBfk_BPz-qGpxz7O7bfxMA,태규팝,,20,https://i.ytimg.com/vi/MLK8h-LQess/hqdefault.jpg,,PT1H2M15S,3735,01:02:15,2d,hd,false,False,public,False,14,1,0,234,102346,326,2019-08-08T03:32:39Z,ko
2025-06-02,배틀그라운드,7qOcVB_6Hng,#티라미수케익 | 배그 승리 댄스 142 #1hour,,2025-01-02T22:30:02Z,UCTRmg57UEZMDc0x_CKoM3xQ,윤윤튭,"배그, PUBG, 배틀그라운드, 윤윤튭, 윤튜비, Hi_YOON, YOONYOONTUB, 배그승리댄스, 배그춤, 배그이모트, 직접춘배그이모트, 즐겜배그",20,https://i.ytimg.com/vi/7qOcVB_6Hng/hqdefault.jpg,ko,PT1H27S,3627,01:00:27,2d,hd,false,False,public,False,2854,6,6,1050,1318262,421,2017-05-19T21:26:47Z,none
2025-06-02,배틀그라운드,8sOhNEhcqLQ,"돌산 위에 있는 이 사람, 가만두지 않겠습니다 (배그 무편집 풀영상)","안녕하세요 배그 유튜버 "" 안내메시지 "" 입니다

이 채널은 저의 부계정 채널으로 

저의 배그 하이라이트 영상 혹은 종합 게임을 올리는 채널입니다!",2025-01-05T03:16:27Z,UCtTN7gB_2G0-EoLNDnVkRlw,안내메시지 부계정,"배그, 배틀그라운드, 배그 꿀잼영상, 배틀그라운드 웃긴영상, 배그 웃긴영상, 안내메시지, 안내메세지, 배그 하이라이트, 배그 짧은영상, 배틀그라운드 짧은영상, 안내메시지 C4, 배그 C4, 배그 발소리, 배그 공포게임, 배틀그라운드 공포게임",20,https://i.ytimg.com/vi/8sOhNEhcqLQ/hqdefault.jpg,ko,PT30M43S,1843,30:43,2d,hd,false,True,public,False,69248,933,25,29400,22905921,392,2018-11-12T17:49:25Z,none
2025-06-02,배틀그라운드,mw2rCEnZjdE,마지막 적이 게임을 포기한 이유ㅋㅋㅋ (배그 무편집 풀영상),"라이브 방송 : https://chzzk.naver.com/a8413275c3171b4404743683aebbd939
표커 채널 : https://www.youtube.com/@표커",2025-01-04T00:00:28Z,UC7XagOkzFvE4Gm7doMNWqiw,표다방,,20,https://i.ytimg.com/vi/mw2rCEnZjdE/hqdefault.jpg,,PT31M26S,1886,31:26,2d,hd,false,True,public,False,4426,88,7,4170,1822672,826,2022-12-12T19:02:01.384177Z,ko
2025-06-02,배틀그라운드,9qMjx3Lwf8I,비존으로 치킨 먹을 수 있을까? (배그 무편집 풀영상),"라이브 방송 : https://chzzk.naver.com/a8413275c3171b4404743683aebbd939
표커 채널 : https://www.youtube.com/@표커",2025-01-06T22:00:05Z,UC7XagOkzFvE4Gm7doMNWqiw,표다방,,20,https://i.ytimg.com/vi/9qMjx3Lwf8I/hqdefault.jpg,,PT32M34S,1954,32:34,2d,hd,false,True,public,False,2660,64,8,4170,1822672,826,2022-12-12T19:02:01.384177Z,none
2025-06-02,배틀그라운드,TA3ObMzIUUA,맨몸으로 수류탄 막아버리는 배그 유튜버ㅋㅋㅋ (배그 무편집 풀영상),"라이브 방송 : https://chzzk.naver.com/a8413275c3171b4404743683aebbd939
표커 채널 : https://www.youtube.com/@표커",2025-01-05T00:00:19Z,UC7XagOkzFvE4Gm7doMNWqiw,표다방,,20,https://i.ytimg.com/vi/TA3ObMzIUUA/hqdefault.jpg,,PT28M10S,1690,28:10,2d,hd,false,True,public,False,3506,94,9,4170,1822672,826,2022-12-12T19:02:01.384177Z,none
2025-06-02,배틀그라운드,xE0n8xTIzjY,배그 듀오 치킨,"4킬 4킬 총 8킬
오예",2025-01-05T06:30:40Z,UCgKdiA1cWOw1GbS0vkBAxqg,스로라,,20,https://i.ytimg.com/vi/xE0n8xTIzjY/hqdefault.jpg,,PT22M58S,1378,22:58,2d,hd,false,False,public,False,7,0,0,7,828,169,2019-06-11T15:27:48Z,none
2025-06-02,배틀그라운드,vjhist7HH9c,[배그] 나한테만 왜 그러냐,#스팀게임 #온라인게임 #배그 #클랜원 #새해맞이 #스배경쟁,2025-01-04T20:15:37Z,UC1S7uCZC6jxdMK5ynogzgwA,평범한게이머 울송,,20,https://i.ytimg.com/vi/vjhist7HH9c/hqdefault.jpg,,PT29M47S,1787,29:47,2d,hd,false,False,public,False,22,3,0,42,5377,310,2014-07-31T13:36:37Z,ko
2025-06-02,배틀그라운드,BijnfFRsaI8,25.01.03 한살더먹고 늙어버린 스팀 배그  경쟁전 골플구간,"#배그 #배틀그라운드 #pubg #카카오배그 #스팀배그 #카배 #스배 #게임 #배린이 
#경쟁전 #롤토체스  #더블업 #리그오브레전드 #롤",2025-01-04T01:11:25Z,UC-hd861EPPdR8yFz1VXY90g,뽀로리TV,,20,https://i.ytimg.com/vi/BijnfFRsaI8/hqdefault.jpg,,PT1H58M42S,7122,01:58:42,2d,hd,false,False,public,False,30,3,0,76,38025,145,2022-06-08T22:06:32.059555Z,ko
2025-06-02,배틀그라운드,xqhxSb6r4Nk,레전드 카구팔 노줌샷 (배그 무편집 풀영상),"라이브 방송 : https://chzzk.naver.com/a8413275c3171b4404743683aebbd939
표커 채널 : https://www.youtube.com/@표커",2025-01-05T22:00:36Z,UC7XagOkzFvE4Gm7doMNWqiw,표다방,,20,https://i.ytimg.com/vi/xqhxSb6r4Nk/hqdefault.jpg,,PT28M38S,1718,28:38,2d,hd,false,True,public,False,2834,76,8,4170,1822672,826,2022-12-12T19:02:01.384177Z,ko
2025-06-02,배틀그라운드,Tp8Y_CNvGF0,근육빵빵~ 배그,#배틀그라운드,2025-01-04T15:51:26Z,UCtAaW-Kd__fBgiHv5eiH7og,쏜꾸락,,20,https://i.ytimg.com/vi/Tp8Y_CNvGF0/hqdefault.jpg,,PT1H24M27S,5067,01:24:27,2d,hd,false,False,public,False,18,0,0,985,20110,96,2022-05-30T12:20:31.810779Z,ko
2025-06-02,배틀그라운드,C2AuQ5ypobw,배그브개브개ㅡ,,2025-01-04T19:57:14Z,UCswQRjudV79qDsGdLc4Nqrg,강똥이,,20,https://i.ytimg.com/vi/C2AuQ5ypobw/hqdefault.jpg,,PT20M39S,1239,20:39,2d,hd,false,False,public,False,1,0,0,4,452,73,2023-09-04T13:29:56.275788Z,none
2025-06-02,배틀그라운드,J0tSQac4yNQ,[배그] 도파민 차오르는 SR,#스팀게임 #온라인게임 #배그 #클랜원 #새해맞이 #스배경쟁,2025-01-04T08:29:42Z,UC1S7uCZC6jxdMK5ynogzgwA,평범한게이머 울송,,20,https://i.ytimg.com/vi/J0tSQac4yNQ/hqdefault.jpg,,PT21M42S,1302,21:42,2d,hd,false,False,public,False,11,2,0,42,5377,310,2014-07-31T13:36:37Z,ko
2025-06-02,배틀그라운드,MhrCadXKOn8,배그 펍지 플레이어스 시리즈1 3인칭 대회 하이라이트 [배틀그라운드 해묵],"배그 펍지 플레이어스 시리즈1 3인칭 대회 하이라이트 [배틀그라운드 해묵]

본 영상은 크래프톤 이스포츠 어시스트 역할을 부여받고
크래프톤 측에서 자료를 제공받아 제작된 영상 입니다.

#배그 #배틀그라운드 #펍지 

더많은 PUBG 영상을 보고싶으면 구독 좋아요 댓글 한번씩 부탁드립니다!
( If you want to see more PUBG videos, please subscribe, like, and leave comments! )

영상편집 , 비즈니스 문의사항 ( Video editing, ad business  )
📌Email   ynwa4298@naver.com ,
( mook1486 ) Discord 친구추가 메세지 주세요!
 ( Discord Friend Add Message! )
 
With Battlegrounds in possession of nothing, the player must fight to find weapons and supplies in battle to be the final survivor. Battleground games require up to 100 players to be placed on a virtual island to play strategically. In the final battle, the player engages in extreme tension and spectacular battles, driving the player into a diminished play memory in a system called the magnetic field. Play Battlegrounds right now.

배틀그라운드는 아무것도 소지하지 않는상태에서 플레이어는 최후의 생존자가 되기 위해 전투에서 무기와 보급품을 찾기 위해 싸워야합니다. 배틀그라운드 게임은 최대 100명의 플레이어를 가상의 섬에 배치하여 전략적으로 게임 플레이를 해야합니다 최후의 전투에 참여하여 플레이어는 극도의 긴장과 화려한 전투를 참여하면서 자기장이라는 시스템에서 플레이어를 축소된 플레이 영역으로 몰아 넣습니다. 지금 바로 배틀그라운드를 플레이 해보세요

----------------------------------------------------------------------------------------------------------------------
I must state that in NO way, shape or form am I intending to infringe rights of the copyright holder. Content used is strictly for research/reviewing purposes and to help educate. All under the Fair Use law.
""Copyright Disclaimer Under Section 107 of the Copyright Act 1976, allowance is made for ""fair use"" for purposes such as criticism, comment, news reporting, teaching, scholarship, and research. Fair use is a use permitted by copyright statute that might otherwise be infringing. Non-profit, educational or personal use tips the balance in favor of fair use.""",2025-01-05T17:43:40Z,UC5B90DtGQ-3s6UwqcjL00EQ,해묵,"배그, 배틀그라운드, 배그잘하는법, 배그감도, 배그강의, 배그이스포츠, 배그 운영, 배린이, 배그 수직감도, 배그 대회, 배그 설정, 배그 교전 강의, 배그 꿀팁, 배그 장전캔슬, 배린이 강의, 배그 팁, 배틀그라운드 강의, 배그 교전, 배그 스쿼드 강의, 배그 리드샷, 배그 패치, 배그 업데이트, pubg, pubg korea, #shorts, shorts, 배틀그라운드 초보, 배틀그라운드 이스포츠, 해묵",20,https://i.ytimg.com/vi/MhrCadXKOn8/hqdefault.jpg,,PT1H46M37S,6397,01:46:37,2d,hd,false,True,public,False,3566,14,8,21100,18530956,2199,2013-05-26T07:34:15Z,ko
2025-06-02,배틀그라운드,mQjOr0JDJv8,[배그] 우리 형 죽게 놔둘수 없어,#스팀게임 #온라인게임 #배그 #클랜원 #새해맞이 #스배경쟁,2025-01-05T14:15:59Z,UC1S7uCZC6jxdMK5ynogzgwA,평범한게이머 울송,,20,https://i.ytimg.com/vi/mQjOr0JDJv8/hqdefault.jpg,,PT22M25S,1345,22:25,2d,hd,false,False,public,False,30,3,0,42,5377,310,2014-07-31T13:36:37Z,none
2025-06-02,배틀그라운드,EBljm-ALpnA,250105 [배그] 일요 밤 4인배그(1),스트리머 아닙니다.,2025-01-06T05:01:34Z,UCzDacnZupx9eK-7qnHb-ZKw,Altair Storage,,20,https://i.ytimg.com/vi/EBljm-ALpnA/hqdefault.jpg,,PT53M45S,3225,53:45,2d,hd,false,False,public,False,6,0,0,73,38665,1749,2013-09-04T10:30:19Z,none
2025-06-02,배틀그라운드,p2yweq61KoA,[PUBG] 스팀 배그 가즈아,"[PUBG] 스팀 배그 가즈아
This stream is created with #PRISMLiveStudio",2025-01-06T23:55:35Z,UC5gHJP9Th7y4wHSupEtkNHg,유기프,,20,https://i.ytimg.com/vi/p2yweq61KoA/hqdefault.jpg,ko,PT1H23M56S,5036,01:23:56,2d,hd,false,False,public,False,12,0,0,214,52045,1270,2018-09-30T13:52:35Z,ko
2025-06-02,배틀그라운드,v4lAjGRFQrs,[PUBG] 스팀 배그 가즈아,"[PUBG] 스팀 배그 가즈아 
This stream is created with #PRISMLiveStudio",2025-01-06T02:36:07Z,UC5gHJP9Th7y4wHSupEtkNHg,유기프,,20,https://i.ytimg.com/vi/v4lAjGRFQrs/hqdefault.jpg,ko,PT1H42M24S,6144,01:42:24,2d,hd,false,False,public,False,18,0,0,214,52045,1270,2018-09-30T13:52:35Z,none
2025-06-02,배틀그라운드,Ru9h4g4nXnA,즐겜 배그(제로님 디코화면),즐겜 배그(제로님 디코화면),2025-01-05T19:58:48Z,UCXrT2VcXVTGNz30HtctIPqg,당근일기,,20,https://i.ytimg.com/vi/Ru9h4g4nXnA/hqdefault.jpg,ko,PT1H32M15S,5535,01:32:15,2d,hd,false,False,public,False,37,0,0,96,280989,856,2012-10-04T13:23:01Z,none
2025-06-02,발로란트,l8TBdZzE01E,발로vs공겜,무슨겜 하지?,2025-01-03T04:38:33Z,UCrcz_bYduzw9JLP0P-1Zu3g,TEHROL,,20,https://i.ytimg.com/vi/l8TBdZzE01E/hqdefault.jpg,,PT42M43S,2563,42:43,2d,hd,false,False,public,False,12,0,0,9,1102,8,2023-01-09T14:22:44.343031Z,none
2025-06-02,발로란트,h0Gv-sW5csg,새해다음날 발로,,2025-01-02T21:58:11Z,UCEvCUUPmw0DtNDznhzeg_5g,동뜰녘 청상추,,20,https://i.ytimg.com/vi/h0Gv-sW5csg/hqdefault.jpg,,PT38M40S,2320,38:40,2d,hd,false,False,public,False,5,0,0,246,1235,42,2017-10-26T10:22:46Z,ko
2025-06-02,발로란트,BtSPqF967jg,발로 차,"#leagueoflegends #리그오브레전드 #롤 

소드피시 유튜브
가렌 갈리오 갱플랭크 갱플 그라가스 그라 그레이브즈 그브 그웬 나르 나미 나서스 나피리 노틸러스 노틸 녹턴 누누와 윌럼프 누누 니달리 니코 닐라 다리우스 다리 다이애나 드레이븐 라이즈 라칸 람머스 럭스 럼블
 레나타 글라스크 레넥톤 레넥 레오나 렉사이 렐 렝가 루시안 룰루 르블랑 리 신 리븐 리산드라 리산 릴리아 마스터 이 마이 마오카이 말자하 말파이트 말파 멜 모데카이저 모데 모르가나 몰가 문도 박사 미스 포츈 미포 밀리오
 바드 바루스 바이 베이가 베인 벡스 벨베스 벨코즈 볼베 볼리베어 브라움 브라이어 브랜드 블라디미르 블라디 블리츠크랭크 블츠 블크 비에고 빅토르 뽀삐 사미라 사이온 사일러스 사일 샤코 세나 세라핀 세주아니 세주니
 세트 소나 소라카 쉔 쉬바나 스몰더 스웨인 스카너 시비르 신 짜오 신짜오 신드라 신지드 쓰레쉬 아리 아무무 아우렐리온 솔 아우솔 아이번 아지르 아칼리 아크샨 아트록스 아트 아펠 아펠리오스 알리 알리스타 암베사 애니
 애니비아 애쉬 야스오 에코 엘리스 오공 오로라 오른 오리아나 올라프 요네 요릭 우디르 우르곳 워윅 유미 이렐 이렐리아 이블린 이즈리얼 이즈 일라오이 일라 자르반 4세 자야 자이라 자크 잔나 잭스 제드 제라스 제리 제이스
 조이 직스 진 질리언 징크스 초가스 카르마 카밀 카사딘 카서스 카시 카시오페아 카이사 카직스 카타 카타리나 칼리스타 케넨 케이틀린 케틀 케인 케일 코그모 코르키 퀸 크산테 클레드 키아나 킨드 킨드레드 타릭 탈론 탈리야
 탐 켄치 탐켄치 트런들 트리 트타 트나 트리스타나 트린 트린다미어 트위스티드 페이트 트페 트위치 티모 파이크 판테온 피들 피들스틱 피오라 피즈 하이머딩거 딩거 하딩 헤카림 흐웨이
점멸 점화 정화 순간이동 텔포 텔레포트 방어막 베리어 탈진 유체화 고스트 힐 회복 강타 스마 
정밀 지배 마법 결의 영감
집중 공격 집공 치명적 속도 치속 기민한 발놀림 기발 정복자 생명 흡수 승전보 침착 전설: 민첩함 전설: 가속 전설: 핏빛 길 최후의 일격 체력차 극복 최후의 저항 감적 어둠의 수확 어수 칼날비 비열한 한 방 피의 맛 돌발 일격 육감 섬뜩한 기념품 깊은 와드 보물 사냥꾼 보사 끈질긴 사냥꾼 끈사 궁극의 사냥꾼 궁사 콩콩이 소환 신비로운 유성 유성 난입 액시옴 비전 마법사 엑시옴 비전 마법사 마나순환 팔찌 마순팔 빛의 망토 빛망 깨달음 기민함 절대 집중 주문 작열 주작 물 위를 걷는 자 폭풍의 결집 폭결 착취의 손아귀 착취 여진 수호자 철거 생명의 샘 보호막 강타 보강 사전 준비 사준 재생의 바람 재바 뼈 방패 뼈방패 과잉성장 소생 불굴의 의지 빙결 강화 봉인 풀린 주문서 봉풀주 선제공격 선공 마법공학 점멸기 마공점 마법의 신발 환급 삼중 물약 시간 왜곡 물약 시왜물 비스킷 배달 우주적 통찰력 쾌속 접근 쾌접 다재다능
탑 정글 미드 원딜 서포터 라인 라이너 
아이언 브론즈 실버 골드 플레티넘 플레 에메랄드 에메 다이아 마스터 그마 챌린저 저티어 고티어 대리 어뷰징 수락 버튼 헬퍼 RP BP 파란 정수 일반 서사급 전설급 신화급 초월급 고귀 초월 스킨 프레스티지 신화 정수 크로마 와드 아이콘 아이템 맵 스킨 스펠 랭크 게임 티어
아이콘 감정 표현 qwer 전적 패치 패치노트 mmr 배치고사 생배
칼날부리 칼부 레드 블루 두꺼비 늑대 작은 골렘 작골 아타칸 바론 공허 유충 장로 드래곤
롤 리그오브레전드 LOL RIOT 라이엇 랭크 일반
룬테라 녹서스 데마시아 프렐요드 자운 필트오버 아케인 아이오니아 빌지워터 그림자 군도 이쉬탈 슈리마 타곤 스텟 룬
공격력 치명타 공격속도 공속 생명력 흡수 생흡 피흡 방어구 관통 방관 물리 관통력 물관 주문력 스킬 가속 쿨감 주문 흡혈 마나 마나 회복 마법 관통 마관 체력 방어력 마법 저항력 마저 체력 회복 체젠 강인함 이동 속도 적응형 능력치
 이속 치유 감소 치감 LCK LPL LTA LEC LCP 롤드컵 월즈 챔피언십 플레이오프 e스포츠 클라 클라이언트 뱅가드 MSI 우승 승리 패배 결승 수락 버튼 어뷰징 트롤 정지 제재 채금 채팅 금지 명예 레벨 보상 대리 부계 부캐 듀오 낮듀 혜지 도구 망나니 황족 숟가락 백정
롤체 롤체 시즌14 롤체 티어덱 롤토체스 칼바람 나락 우르프 urf 아레나
프리시즌 시즌1 시즌2 시즌3 시즌4 시즌5 시즌6 시즌7 시즌8 시즌9 시즌10 시즌11 시즌12 시즌13 시즌14 시즌15 시즌16 시즌 시작일 시즌 종료일 
한화 한화생명 T1 Gen.G 젠지 Dplus KIA 디플러스 기아 kt Rolster 롤스터 BNK 피어엑스 DN 프릭스 농심 레드포스 DRX 디알엑스 광동 프릭스 진에어 그린윙스 MVP 그리핀 웨이보 게이밍 LNG JDG LGD 스토브리그
0티어 1티어 2티어 3티어 4티어 5티어 1차타워 2차타워 1차포탑 2차포탑 억제기 타워 억제기 쌍둥이 포탑 넥서스 우물 블루팀 레드팀 개사기 사기 버그 만능 챔프 챔피언 라인전 한타 스플릿 오피 op 대상혁 포지션 카이팅 시네마틱 노래 매드무비 초보 강의 신스킨 신챔프 신챔 성우
투명 와드 예언자의 렌즈 허수아비 칼리스타의 칠흑의 창 가차없는 포격 사기진작 죽음의 여신 굳건한 의지의 완전한 비스킷 체력 물약 제어 와드 핑와 핑크 와드 충전형 물약 요정의 부적 단검 빛나는 티끌 똥신 장화 천 갑옷 원기 회복의 구슬 
사파이어 수정 약간 신비한 신발 롱소드 암흑의 인장 증폭의 고서 도란의 반지 마법무효화의 망토 루비 수정 고구마 여신의 눈물 여눈 세계 지도집 룬 나침반 세계의 결실 천상의 이의 꿈 생성기 자자크의 세계가시 태양의 썰매
 피의 노래 도란의 검 도란의 방패 수확의 낫 새끼 화염발톱 새끼 바람돌이 새끼 이끼쿵쿵이 강철의 영약 마법의 영약 분노의 영약 정찰병의 새총 민첩성의 망토 금지된 우상 곡궁 꽁지깃 망각의 구 쇠사슬 조끼 갑옷 갑바 
처형인의 대검 점화석 비상의 월갑 수정 팔 보호구 덤불 조끼 방출의 마법봉 악마의 마법서 음전자 망토 곡괭이 공생형 밑창 에테르 환영 거인의 허리띠 자벨 거허 벨트 얼음 방패 얼방 명석함의 아이오니아 장화 쿨감신 
밴들유리 거울 광휘의 검 쉰 바미의 불씨 바미 흡혈의 낫 축복의 성배 운명의 재 하나 된 영혼 수호자의 검 수호자의 망치 수호자의 보주 수호자의 뿔피리 신속의 장화 톱날 단검 파수꾼의 갑옷 콜필드의 전투 망치 광전사의 군화 
마법공학 교류 발전기 탐식의 망치 탐망 역병의 보석 감시하는 와드석 마법사의 신발 마관신 강철 인장 땅굴 채굴기 쓸데없이 큰 지팡이 쓸큰지 온기가 필요한 자의 도끼 온필도 판금 장화 닌탑 열정의 검 티아맷 사라진 양피지 
망령의 두건 망령 두건 망두 B.F. 대검 비에프 주문포식자 주포 헤르메스의 발걸음 헤르메스 수은 장식띠 절정의 화살 억겁의 카탈리스트 기괴한 가면 야수화 브루탈 최후의 속삭임 라위 메자이의 영혼약탈자 메자이 신록의 장벽 
추적자의 팔목 보호대 추팔보 손목 보호대 영원한 전진 핏빛 명석함 신속행진 건메탈 군화 주문투척자의 신발 주투신 무장 진격 사슬끈 분쇄자 슈렐리아의 군가 불타는 향로 월석 재생기 지크의 융합 강철의 솔라리 펜던트 
헬리아의 메아리 제국의 명령 흐르는 물의 지팡이 흐물지 경계의 와드석 구원 기사의 맹세 기맹 미카엘의 축복 미카엘 개척자 혹한의 손길 종말의 겨울 가시 갑옷 가갑 얼어붙은 심장 얼심 독사의 송곳니 독사 새벽심장 
그림자 검 그검 라일라이의 수정홀 라일라이 마법공학 로켓 벨트 영겁의 지팡이 로아 유령 무희 팬댄 나보리 명멸검 고속 연사포 고연포 심연의 가면 루난의 허리케인 루난 악의 지평선의 초점 지평선. 란두인의 예언 란두인 
정령의 형상 비사지 태양불꽃 방패 태불방 태불망 불고기 기회 스태틱의 단검 스태틱 대자연의 힘 포오네 공허한 광휘 끝없는 절망 마법사의 최후 마최 요우무의 유령검 요우무 어둠불꽃 횃불 무덤꽃 루덴의 동반자 루덴 
루덴의 메아리 대천사의 지팡이 대천사 무라마나 정수 약탈자 핏빛 저주 마나무네 얼어붙은 건틀릿 얼건 케이닉 루컨 월식 폭풍 쇄도 폭쇄 망자의 갑옷 망갑 대천사의 포옹 모렐로노미콘 모렐 모렐로 경계 밴시의 장막 벤시 
구인수의 격노검 구인수 내셔의 이빨 내셔 우주의 추진력 우추 리안드리의 고통 리안드리 칠흑의 양날 도끼 블클 불멸의 철갑궁 징수의 총 징총 공허의 지팡이 보이드 세릴다의 원한 오만 벼락폭풍검  벼폭검 벼폭 선체파괴자 
선체 선파자 강철심장 강심 원칙의 원형낫 윤 탈 야생화살 밤의 끝자락 밤끝 실험적 마공학판 쇼진의 창 쇼진 균열 생성기 균열 화공 펑크 사슬검 크라켄 학살자 갈라진 하늘 갈하 맬모셔스의 아귀 멜모셔스 멜모 
도미닉 경의 인사 거학 수호 천사 가엔 리치베인 스테락의 도전 스테락 불경한 히드라 불드라 그림자불꽃 그불 몰락한 왕의 검 몰왕 몰왕검 해신 작쇼 헤르메스의 시미터 존야의 모래시계 존야 죽음의 무도 죽무 발걸음 분쇄기 발분 
워모그의 갑옷 워모그 거대한 히드라 거드라 필멸자의 운명 필멸자 굶주린 히드라 굶드라 지배자의 피갑옷 삼위일체 트포 피바라기 피바 무한의 대검 인피 라바돈의 죽음모자 라바돈 라죽모 데캡 모자 늘 사랑합니다!",2025-01-02T12:40:55Z,UCZhtzICGViwc8z7SDWhepqw,소드피시,,20,https://i.ytimg.com/vi/BtSPqF967jg/hqdefault.jpg,,PT20M53S,1253,20:53,2d,hd,false,False,public,False,4,1,0,6,24188,49,2025-01-02T11:45:35.970353Z,ko
2025-06-02,발로란트,BdtRArPDFSM,뉴비발로 1일차 아크데이터가 날아가서 어쩔수없이하는...억까지리네,"치지직 링크 : https://chzzk.naver.com/67a51f43b3c7b6bf8291616df8463f9e
디스코드 링크 : https://discord.gg/64XXJdKm5t",2025-01-02T00:44:04Z,UCPT6hx711aIdAFdX36MCiOQ,플데이,"뉴비스트리머, 소통, 게임",20,https://i.ytimg.com/vi/BdtRArPDFSM/hqdefault.jpg,,PT1H41M2S,6062,01:41:02,2d,hd,false,False,public,False,19,3,3,57,2460,46,2018-10-27T01:52:42Z,none
2025-06-02,발로란트,MIojxjGxPOw,새해 방송 발로중,,2025-01-01T01:09:36Z,UCC1q6ZVkeJicQHeeRwIy5AA,게임하는 바보,,20,https://i.ytimg.com/vi/MIojxjGxPOw/hqdefault.jpg,,PT1H8M44S,4124,01:08:44,2d,hd,false,False,public,False,11,0,0,545,185569,326,2022-01-01T02:57:38.229307Z,ko
2025-06-02,발로란트,oetv-VfL1Q4,해피 뉴 이어~!,#발로란트#valorant#발로,2025-01-02T03:58:50Z,UCYNsoXB7YHiZ0HXZTRY5lNw,아조씨야,,20,https://i.ytimg.com/vi/oetv-VfL1Q4/hqdefault.jpg,ko,PT1H45M9S,6309,01:45:09,2d,hd,false,True,public,False,13,2,0,3480,2722059,755,2018-07-31T18:54:40Z,none
2025-06-02,발로란트,WLPoyJIZUkg,마크--}발로(2025년 대기),,2025-01-01T03:25:03Z,UC11jmAylYauCMG4cXN42oOQ,슈퍼 게임즈 SuperGames,,20,https://i.ytimg.com/vi/WLPoyJIZUkg/hqdefault.jpg,,PT1H56M52S,7012,01:56:52,2d,hd,false,False,public,False,18,0,0,1280,436483,316,2021-05-09T05:11:19.276856Z,ko
2025-06-02,발로란트,SZWv9PWpqJ4,발로,,2025-01-01T04:10:23Z,UCMrcTuu2oLz2TU4sUQUfr4g,HRinG06,,20,https://i.ytimg.com/vi/SZWv9PWpqJ4/hqdefault.jpg,,PT1H54M29S,6869,01:54:29,2d,hd,false,False,public,False,18,0,0,113,6571,296,2012-12-10T08:38:50Z,ko
2025-06-02,발로란트,m5aX-btMYKs,발로 하는 게임이 있다고,This stream is created with #PRISMLiveStudio,2025-01-03T03:35:38Z,UC26Si1q1Mx5xIHuEbVaMaLQ,덕복희희,,20,https://i.ytimg.com/vi/m5aX-btMYKs/hqdefault.jpg,,PT1H27M21S,5241,01:27:21,2d,hd,false,False,public,False,2,0,0,39,132453,442,2024-02-07T04:29:58.972408Z,none
2025-06-02,발로란트,LNlbCl8M2lE,새해다음날 발로1,,2025-01-03T00:16:47Z,UCEvCUUPmw0DtNDznhzeg_5g,동뜰녘 청상추,,20,https://i.ytimg.com/vi/LNlbCl8M2lE/hqdefault.jpg,,PT1H49M44S,6584,01:49:44,2d,hd,false,False,public,False,20,0,0,246,1235,42,2017-10-26T10:22:46Z,ko
2025-06-02,발로란트,zz_DFjGcn8M,82년생 아빠의 발로란트 도전기,"초보의 여정#초보의 여 테그입니다.
실버3 이고요. 같이 하실분은 친추 해주세요디스코드:
​​https://discord.gg/VKcTZ78Qvr 주소 입니다",2025-01-02T00:55:09Z,UC2NazNAt_hXMnOOzKQrscbg,초보의 여정,,20,https://i.ytimg.com/vi/zz_DFjGcn8M/hqdefault.jpg,,PT1H26M18S,5178,01:26:18,2d,hd,false,True,public,False,75,1,4,1890,229317,681,2024-02-13T14:47:38.953159Z,ko
2025-06-02,발로란트,XgWrQAsfM10,"한국 서버 1등, 어뷰징, 트롤, 대리 카르텔의 수장 권민혁 초대석",#발로란트 #루인,2025-01-05T01:00:26Z,UCqpFn_r0p9-T5BU6OfxnyaQ,RUIN,"발로란트, 루인, 정지, 중국서버, 중국",20,https://i.ytimg.com/vi/XgWrQAsfM10/hqdefault.jpg,,PT1H30M27S,5427,01:30:27,2d,hd,false,True,public,False,95543,1618,201,151000,110692090,1491,2023-09-18T09:39:59.572136Z,ko
2025-06-02,발로란트,oGhrWysmh0c,피드백 직후 만년 플래티넘 탈출! 승급할 수 밖에 없는 이유 [발로란트 강의 피드백],"발로란트 강의하는 왕코형입니다!
티어 : 불멸 (아시아 서버, 한국 서버)
이메일 : hanjinshot@naver.com
디스코드 : https://discord.gg/XeAHVUp2FZ

감도 : 800 / 0.38(→0.33 최근 변경)
줌 감도 : 1  
조준선 : 점 조준선 0;s;1;P;o;0.9;d;1;z;3;f;0;0b;0;1b;0;S;o;1  
           1420 조준선 0;P;h;0;0l;3;0v;3;0o;0;0a;1;0f;0;1b;0
           1422 녹색 0;s;1;P;c;1;u;000000FF;o;0.7;f;0;0l;4;0v;4;0o;2;0a;1;0f;0;1b;0
           1422 흰색 0;s;1;P;u;000000FF;o;0.7;f;0;0l;4;0v;4;0o;2;0a;1;0f;0;1b;0
모니터 : 벤큐 XL2546K 240hz
키보드 : 우팅 60 he
마우스 : lamzu atlantis mini pro
CPU : i9-12900F
GPU : Geforce RTX 3080

#발로란트 #발로란트강의 #발로란트피드백",2025-01-06T08:01:14Z,UCt-D_YURC0xbgixOdGntB0w,왕십리코난,"발로란트, valorant, 발로란트 강의, 클로브, 신요원, 피드백, 1대1피드백, drx, GENG, 아이소, iso, 플래쉬, 섬광, 척후대, 타격대, 엔트리, 아시아, asia, 에이스, 오딘, 소바, 초보자, 초보자 강의",20,https://i.ytimg.com/vi/oGhrWysmh0c/hqdefault.jpg,ko,PT22M15S,1335,22:15,2d,hd,false,True,public,False,5910,91,46,41700,23124538,1616,2018-06-22T12:52:02Z,ko
2025-06-02,발로란트,WIXccyUAm-Q,디코 통화하다 발로 납치당함,2024-01-03/21:11:30,2025-01-04T00:55:07Z,UCwsPK8A1nrWW9ydQfPhfUDw,독일고양이 풀영상,,20,https://i.ytimg.com/vi/WIXccyUAm-Q/hqdefault.jpg,,PT33M49S,2029,33:49,2d,hd,false,False,public,False,4,0,0,24,1656,118,2024-04-24T06:35:59.388854Z,ko
2025-06-02,발로란트,_fqFbWOoWFI,내오늘 발로 왜이럼?,발로차,2025-01-05T18:07:50Z,UCGcOI4klbce6UVe5yhO4R5A,발로집착,,20,https://i.ytimg.com/vi/_fqFbWOoWFI/hqdefault.jpg,,PT25M16S,1516,25:16,2d,hd,false,False,public,False,47,0,0,48,16496,168,2022-03-05T08:28:54.78543Z,none
2025-06-02,발로란트,VHfhfwwrVUE,발로경쟁 다이아근처가기 1일차,#발로란트 #경쟁전 #재미있는,2025-01-04T00:00:57Z,UCOSXx5oC6O6p8fpZU5bVThw,폴라(POLA),,20,https://i.ytimg.com/vi/VHfhfwwrVUE/hqdefault.jpg,,PT35M13S,2113,35:13,2d,hd,false,False,public,False,13,0,0,207,2077,29,2022-01-17T05:27:31.509066Z,none
2025-06-02,발로란트,OPpJtuMmzCk,당분간 마지막 발로 영상,,2025-01-06T11:55:17Z,UCFY82IzoPhqVXSjux7S84wA,헤필,,20,https://i.ytimg.com/vi/OPpJtuMmzCk/hqdefault.jpg,,PT49M4S,2944,49:04,2d,hd,false,False,public,False,38,1,0,64,1292,39,2024-07-15T06:21:34.34893Z,ko
2025-06-02,발로란트,KeCKfrd5Aic,발로 시참! 인데 섭 터진건가?,시참!,2025-01-04T16:52:44Z,UCaVpyqYnRlNgOrU7vD1r3mA,그저 상어,,20,https://i.ytimg.com/vi/KeCKfrd5Aic/hqdefault.jpg,,PT26M17S,1577,26:17,2d,hd,false,False,public,False,13,2,0,212,31241,76,2023-12-02T02:10:51.55939Z,none
2025-06-02,발로란트,FF07NmzvHys,발로 하쟈[🔴생방송],,2025-01-05T02:22:03Z,UCPnBgWWskmN_K6v5RmkCThQ,세계 순위 모아보기,,20,https://i.ytimg.com/vi/FF07NmzvHys/hqdefault.jpg,,PT35M22S,2122,35:22,2d,hd,false,False,public,False,16,0,0,96,3008,34,2021-10-29T05:06:07.126567Z,none
2025-06-02,발로란트,zImnSjojmZs,발로 브론즈1 에서 2까지 가즈아,,2025-01-05T21:53:18Z,UCsvjStH9PFMb1vkp-Ck5xIQ,온,,20,https://i.ytimg.com/vi/zImnSjojmZs/hqdefault.jpg,,PT1H39M7S,5947,01:39:07,2d,hd,false,False,public,False,4,1,0,3,21,4,2024-11-08T22:00:07.662048Z,ko
2025-06-02,발로란트,mp2eap4fEhs,발로한다~~~~~졸업 축하 해줘라~~~~(1월 3일 졸업이자 겨울 방학함),,2025-01-05T19:14:16Z,UC11jmAylYauCMG4cXN42oOQ,슈퍼 게임즈 SuperGames,,20,https://i.ytimg.com/vi/mp2eap4fEhs/hqdefault.jpg,,PT1H14M19S,4459,01:14:19,2d,hd,false,False,public,False,18,0,0,1280,436620,316,2021-05-09T05:11:19.276856Z,none
2025-06-02,발로란트,MghB5uwkHtU,발로,,2025-01-05T23:34:46Z,UCMrcTuu2oLz2TU4sUQUfr4g,HRinG06,,20,https://i.ytimg.com/vi/MghB5uwkHtU/hqdefault.jpg,,PT1H56M37S,6997,01:56:37,2d,hd,false,False,public,False,24,1,1,113,6571,296,2012-12-10T08:38:50Z,none
2025-06-02,발로란트,RdZu22wOdJE,2024 12 24 발로,"#백연우 #다시보기 #처음보기
2024년 12월 24일 영상입니다
백연우 유튜브: https://www.youtube.com/channel/UCxjilFyshgbp4M1xPuu_w3g
백연우 치지직: https://chzzk.naver.com/8c7fa9e3777909a858c6355e682d9510",2025-01-05T00:28:19Z,UCHheObbVavSDo413BjVLqXQ,백다채,,20,https://i.ytimg.com/vi/RdZu22wOdJE/hqdefault.jpg,,PT1H5M9S,3909,01:05:09,2d,hd,false,False,public,False,2,0,0,31,5830,300,2024-01-20T06:19:55.514225Z,none
2025-06-02,발로란트,KD0VmN-Y1G8,2024년도 12월 발로란트 다시보기 클립들,발로란트는 했지만 편집 내일 내일 하다가 이제 올립니다 늦었지만 해피 뉴이어,2025-01-04T04:36:21Z,UCit1R0527occNt0xQGK--BQ,ElectricityKR,"발로란트, 2024, 12월, 다시보기, 하일라이트",20,https://i.ytimg.com/vi/KD0VmN-Y1G8/hqdefault.jpg,,PT20M2S,1202,20:02,2d,hd,false,False,public,False,4,0,0,27,13540,34,2022-11-10T08:15:59.965582Z,ko
2025-06-02,발로란트,2bs9EI9_azg,이른 아침의 발로 실력들은 어떠려나?,#발로란트#valorant#발로,2025-01-04T11:11:02Z,UCYNsoXB7YHiZ0HXZTRY5lNw,아조씨야,,20,https://i.ytimg.com/vi/2bs9EI9_azg/hqdefault.jpg,ko,PT1H6M16S,3976,01:06:16,2d,hd,false,True,public,False,19,1,0,3480,2722059,755,2018-07-31T18:54:40Z,none
2025-06-02,발로란트,L9YkXvYcsT0,2024 12 26 발로,"#백연우 #다시보기 #처음보기
2024년 12월 26일 영상입니다
백연우 유튜브: https://www.youtube.com/channel/UCxjilFyshgbp4M1xPuu_w3g
백연우 치지직: https://chzzk.naver.com/8c7fa9e3777909a858c6355e682d9510",2025-01-05T00:29:23Z,UCHheObbVavSDo413BjVLqXQ,백다채,,20,https://i.ytimg.com/vi/L9YkXvYcsT0/hqdefault.jpg,,PT1H57M44S,7064,01:57:44,2d,hd,false,False,public,False,3,0,0,31,5830,300,2024-01-20T06:19:55.514225Z,ko
2025-06-02,발로란트,Dm7QXIRT7M8,새해 복 많이 받으세요 ! *신규 요원 테호 파트너 내전*,안녕하세요! 구미호 요괴 입니다.,2025-01-06T17:54:12Z,UCObol-iDCg6hSj2iiOTtoSA,구미호 요괴,"브림스톤, 세이지, 제트, 피닉스, 소바, 오멘, 바이퍼, 브리치, 사이퍼, 레이즈, 발로란트, valorant, 구미호 요괴, 킬조이, 발로란트 패치, 발로란트 스킨, 구미호요괴, 하버, 신규액트, 발로란트 바이스, 발로란트 녹터넘, 발로란트 신스킨, 발로란트 신규요원",20,https://i.ytimg.com/vi/Dm7QXIRT7M8/hqdefault.jpg,,PT1H44M36S,6276,01:44:36,2d,hd,false,True,public,False,8247,102,9,124000,58921018,918,2020-05-27T16:27:54.883478Z,ko
2025-06-02,발로란트,OYX0jrRsCnI,유입大환영1/5 연습발로실버3갈수있을까!!!(시참0소통 300팔가보자),,2025-01-05T15:28:46Z,UCquiw9yiqtaEEaZiPVM2_aQ,흑풍쓰,,20,https://i.ytimg.com/vi/OYX0jrRsCnI/hqdefault.jpg,ko,PT1H41M41S,6101,01:41:41,2d,hd,false,False,public,False,2,0,0,64,1845,290,2019-01-16T22:32:32Z,ko
